Baseline,Background,SiO2,Dolomite,Observed,Difference
4.0028,2081.38,2081.99,2081.42,2035,-47.03
4.053,2026.1,2026.72,2026.14,1955,-71.76
4.1031,1982.22,1982.84,1982.26,1922,-60.88
4.1533,1947.54,1948.16,1947.58,2011,62.79
4.2034,1920.34,1920.97,1920.38,1988,66.98
4.2535,1899.09,1899.72,1899.13,1930,30.23
4.3037,1882.56,1883.2,1882.6,1974,90.76
4.3538,1869.67,1870.31,1869.71,1884,13.64
4.4039,1859.57,1860.21,1859.61,1870,9.75
4.4541,1851.52,1852.17,1851.56,1930,77.79
4.5042,1844.92,1845.57,1844.97,1884,38.38
4.5544,1839.31,1839.97,1839.36,1820,-20.01
4.6045,1834.26,1834.92,1834.31,1889,54.03
4.6546,1829.49,1830.15,1829.54,1767,-63.19
4.7048,1824.72,1825.39,1824.77,1770,-55.43
4.7549,1819.77,1820.44,1819.82,1835,14.51
4.805,1814.49,1815.16,1814.54,1804,-11.21
4.8552,1808.77,1809.45,1808.82,1826,16.5
4.9053,1802.54,1803.22,1802.59,1742,-61.27
4.9554,1795.74,1796.43,1795.79,1782,-14.48
5.0056,1788.36,1789.05,1788.41,1798,8.91
5.0557,1780.37,1781.06,1780.42,1804,22.89
5.1059,1771.78,1772.48,1771.83,1789,16.47
5.156,1762.61,1763.31,1762.66,1693,-70.36
5.2061,1752.89,1753.6,1752.94,1756,2.36
5.2563,1742.64,1743.35,1742.69,1660,-83.4
5.3064,1731.91,1732.62,1731.96,1689,-43.67
5.3565,1720.73,1721.45,1720.78,1690,-31.5
5.4067,1709.14,1709.86,1709.19,1634,-75.91
5.4568,1697.19,1697.92,1697.24,1631,-66.97
5.507,1684.93,1685.66,1684.98,1661,-24.71
5.5571,1672.39,1673.13,1672.44,1760,86.82
5.6072,1659.62,1660.36,1659.67,1625,-35.41
5.6574,1646.66,1647.4,1646.71,1638,-9.46
5.7075,1633.56,1634.31,1633.61,1699,64.64
5.7576,1620.34,1621.09,1620.39,1616,-5.14
5.8078,1607.05,1607.81,1607.1,1611,3.14
5.8579,1593.72,1594.48,1593.77,1611,16.47
5.9081,1580.38,1581.15,1580.43,1594,12.81
5.9582,1567.06,1567.83,1567.11,1526,-41.88
6.0083,1553.79,1554.56,1553.84,1616,61.39
6.0585,1540.59,1541.37,1540.64,1574,32.58
6.1086,1527.49,1528.27,1527.54,1517,-11.33
6.1587,1514.51,1515.3,1514.56,1571,55.65
6.2089,1501.66,1502.45,1501.71,1472,-30.51
6.259,1488.96,1489.76,1489.01,1525,35.19
6.3092,1476.43,1477.23,1476.48,1437,-40.29
6.3593,1464.08,1464.89,1464.13,1475,10.06
6.4094,1451.92,1452.73,1451.97,1501,48.21
6.4596,1439.96,1440.77,1440.01,1474,33.17
6.5097,1428.2,1429.02,1428.25,1429,-0.08
6.5598,1416.66,1417.48,1416.71,1385,-32.54
6.61,1405.34,1406.17,1405.39,1506,99.78
6.6601,1394.24,1395.07,1394.29,1407,11.87
6.7102,1383.36,1384.2,1383.42,1450,65.74
6.7604,1372.71,1373.55,1372.77,1428,54.39
6.8105,1362.29,1363.14,1362.35,1326,-37.2
6.8607,1352.1,1352.95,1352.16,1341,-12.01
6.9108,1342.13,1342.99,1342.19,1354,10.96
6.9609,1332.38,1333.24,1332.44,1325,-8.3
7.0111,1322.86,1323.73,1322.92,1341,17.21
7.0612,1313.56,1314.43,1313.62,1318,3.51
7.1113,1304.47,1305.35,1304.53,1219,-86.41
7.1615,1295.59,1296.47,1295.65,1325,28.46
7.2116,1286.93,1287.82,1286.99,1293,5.13
7.2618,1278.46,1279.35,1278.52,1375,95.59
7.3119,1270.19,1271.09,1270.25,1300,28.85
7.362,1262.12,1263.02,1262.18,1302,38.92
7.4122,1254.23,1255.14,1254.29,1265,9.81
7.4623,1246.52,1247.44,1246.58,1200,-47.49
7.5124,1238.99,1239.91,1239.05,1241,1.03
7.5626,1231.62,1232.55,1231.68,1248,15.39
7.6127,1224.43,1225.36,1224.49,1244,18.58
7.6629,1217.39,1218.33,1217.45,1259,40.62
7.713,1210.5,1211.44,1210.56,1186,-25.5
7.7631,1203.76,1204.71,1203.82,1146,-58.77
7.8133,1197.16,1198.11,1197.22,1130,-68.17
7.8634,1190.69,1191.65,1190.75,1190,-1.71
7.9135,1184.35,1185.32,1184.41,1205,19.62
7.9637,1178.14,1179.11,1178.2,1128,-51.17
8.0138,1172.04,1173.02,1172.1,1213,39.92
8.064,1166.06,1167.04,1166.12,1133,-34.1
8.1141,1160.18,1161.17,1160.24,1210,48.77
8.1642,1154.41,1155.4,1154.47,1227,71.54
8.2144,1148.73,1149.73,1148.79,1164,14.21
8.2645,1143.14,1144.14,1143.2,1175,30.79
8.3146,1137.64,1138.65,1137.7,1171,32.29
8.3648,1132.22,1133.24,1132.28,1128,-5.3
8.4149,1126.88,1127.9,1126.94,1104,-23.97
8.465,1121.61,1122.64,1121.67,1075,-47.7
8.5152,1116.41,1117.44,1116.47,1059,-58.51
8.5653,1111.28,1112.32,1111.34,1117,4.62
8.6155,1106.21,1107.26,1106.27,1116,8.68
8.6656,1101.19,1102.24,1101.26,1076,-26.31
8.7157,1096.23,1097.29,1096.3,1087,-10.36
8.7659,1091.32,1092.38,1091.39,1119,26.55
8.816,1086.46,1087.53,1086.53,1065,-22.6
8.8661,1081.64,1082.72,1081.71,1100,17.22
8.9163,1076.86,1077.94,1076.93,1041,-37.01
8.9664,1072.12,1073.21,1072.19,1133,59.72
9.0166,1067.42,1068.52,1067.49,1078,9.41
9.0667,1062.75,1063.85,1062.82,1092,28.07
9.1168,1058.12,1059.23,1058.19,1026,-33.29
9.167,1053.51,1054.63,1053.58,1085,30.31
9.2171,1048.93,1050.05,1049,1048,-2.12
9.2672,1044.37,1045.5,1044.44,1027,-18.57
9.3174,1039.84,1040.98,1039.91,974,-67.05
9.3675,1035.33,1036.47,1035.4,1062,25.46
9.4177,1030.84,1031.99,1030.91,1020,-12.06
9.4678,1026.37,1027.53,1026.44,1021,-6.6
9.5179,1021.91,1023.08,1021.98,980,-43.15
9.5681,1017.48,1018.65,1017.55,1027,8.28
9.6182,1013.06,1014.24,1013.13,941,-73.31
9.6683,1008.65,1009.84,1008.72,1035,25.09
9.7185,1004.25,1005.45,1004.32,922,-83.52
9.7686,999.87,1001.07,999.94,983,-18.15
9.8188,995.5,996.71,995.57,983,-13.79
9.8689,991.15,992.37,991.22,956,-36.44
9.919,986.8,988.03,986.87,990,1.9
9.9692,982.46,983.69,982.53,959,-24.77
10.0193,978.14,979.38,978.21,959,-20.45
10.0694,973.82,975.07,973.89,951,-24.14
10.1196,969.51,970.77,969.58,966,-4.85
10.1697,965.21,966.48,965.28,953,-13.56
10.2198,960.93,962.21,961,953,-9.28
10.27,956.65,957.93,956.73,939,-19.01
10.3201,952.38,953.67,952.46,947,-6.74
10.3703,948.12,949.42,948.2,908,-41.49
10.4204,943.86,945.17,943.94,897,-48.25
10.4705,939.62,940.94,939.7,950,8.98
10.5207,935.39,936.72,935.47,901,-35.79
10.5708,931.17,932.51,931.25,936,3.42
10.6209,926.95,928.3,927.03,974,45.62
10.6711,922.75,924.11,922.83,924,-0.19
10.7212,918.56,919.92,918.64,933,13
10.7714,914.38,915.75,914.46,897,-18.83
10.8215,910.21,911.59,910.29,870,-41.67
10.8716,906.06,907.45,906.14,939,31.47
10.9218,901.91,903.31,901.99,891,-12.39
10.9719,897.78,899.19,897.86,928,28.73
11.022,893.66,895.08,893.74,920,24.83
11.0722,889.56,890.99,889.64,949,57.93
11.1223,885.47,886.91,885.55,908,21.01
11.1725,881.39,882.84,881.47,853,-29.93
11.2226,877.33,878.79,877.41,916,37.12
11.2727,873.29,874.76,873.37,884,9.15
11.3229,869.26,870.74,869.34,863,-7.83
11.373,865.25,866.75,865.33,860,-6.83
11.4231,861.26,862.77,861.34,899,36.15
11.4733,857.29,858.81,857.37,822,-36.89
11.5234,853.33,854.86,853.41,865,10.06
11.5736,849.39,850.93,849.48,877,25.98
11.6237,845.48,847.03,845.57,879,31.89
11.6738,841.58,843.14,841.67,882,38.77
11.724,837.7,839.27,837.79,842,2.63
11.7741,833.85,835.44,833.94,853,17.48
11.8242,830.02,831.62,830.11,837,5.29
11.8744,826.21,827.82,826.3,843,15.09
11.9245,822.42,824.04,822.51,832,7.86
11.9746,818.66,820.3,818.75,865,44.61
12.0248,814.92,816.57,815.01,753,-63.66
12.0749,811.21,812.87,811.3,854,41.04
12.1251,807.52,809.19,807.61,845,35.71
12.1752,803.86,805.55,803.95,830,24.36
12.2253,800.22,801.92,800.31,827,24.99
12.2755,796.61,798.32,796.7,775,-23.42
12.3256,793.03,794.76,793.12,795,0.15
12.3757,789.48,791.22,789.57,800,8.69
12.4259,785.95,787.71,786.04,794,6.2
12.476,782.45,784.22,782.54,804,19.68
12.5262,778.98,780.76,779.07,752,-28.86
12.5763,775.54,777.34,775.63,763,-14.44
12.6264,772.13,773.94,772.22,787,12.96
12.6766,768.75,770.58,768.85,824,53.32
12.7267,765.4,767.24,765.5,812,44.66
12.7768,762.09,763.95,762.19,794,29.96
12.827,758.8,760.68,758.9,784,23.23
12.8771,755.54,757.43,755.64,783,25.47
12.9273,752.32,754.23,752.42,808,53.67
12.9774,749.13,751.05,749.23,773,21.85
13.0275,745.97,747.91,746.07,761,12.99
13.0777,742.85,744.81,742.95,766,21.1
13.1278,739.75,741.73,739.85,665,-76.83
13.1779,736.69,738.68,736.79,719,-19.79
13.2281,733.67,735.68,733.77,743,7.22
13.2782,730.68,732.71,730.78,742,9.19
13.3284,727.72,729.77,727.82,724,-5.87
13.3785,724.79,726.85,724.89,740,13.04
13.4286,721.91,723.99,722.01,758,33.91
13.4788,719.05,721.15,719.15,720,-1.26
13.5289,716.23,718.35,716.34,725,6.54
13.579,713.44,715.58,713.55,709,-6.69
13.6292,710.69,712.85,710.8,730,17.04
13.6793,707.98,710.16,708.09,684,-26.27
13.7294,705.3,707.5,705.41,697,-10.61
13.7796,702.65,704.87,702.76,708,3.01
13.8297,700.04,702.28,700.15,731,28.6
13.8799,697.47,699.74,697.58,681,-18.85
13.93,694.93,697.22,695.04,701,3.67
13.9801,692.43,694.74,692.54,729,34.15
14.0303,689.96,692.29,690.07,764,71.59
14.0804,687.53,689.89,687.64,755,65
14.1305,685.13,687.51,685.24,720,32.38
14.1807,682.77,685.17,682.88,717,31.71
14.2308,680.45,682.88,680.56,696,13.01
14.281,678.16,680.61,678.28,694,13.28
14.3311,675.9,678.38,676.02,677,-1.49
14.3812,673.68,676.18,673.8,651,-25.3
14.4314,671.5,674.03,671.62,686,11.86
14.4815,669.35,671.9,669.47,686,13.98
14.5316,667.23,669.81,667.35,696,26.07
14.5818,665.16,667.77,665.28,624,-43.88
14.6319,663.11,665.75,663.23,731,65.13
14.6821,661.1,663.77,661.22,622,-41.89
14.7322,659.13,661.82,659.25,652,-9.94
14.7823,657.19,659.91,657.31,594,-66.04
14.8325,655.28,658.03,655.41,701,42.84
14.8826,653.41,656.19,653.54,670,13.68
14.9327,651.57,654.39,651.7,683,28.48
14.9829,649.77,652.62,649.9,637,-15.75
15.033,648,650.88,648.13,656,4.99
15.0832,646.26,649.17,646.39,609,-40.31
15.1333,644.56,647.51,644.69,681,33.36
15.1834,642.89,645.87,643.02,717,71
15.2336,641.25,644.27,641.38,643,-1.4
15.2837,639.65,642.7,639.79,587,-55.84
15.3338,638.08,641.17,638.22,631,-10.3
15.384,636.54,639.67,636.68,624,-15.8
15.4341,635.03,638.2,635.17,666,27.67
15.4842,633.55,636.75,633.69,614,-22.9
15.5344,632.11,635.36,632.25,632,-3.5
15.5845,630.7,633.99,630.85,620,-14.13
15.6347,629.31,632.64,629.46,641,8.21
15.6848,627.96,631.33,628.11,587,-44.48
15.7349,626.64,630.05,626.79,592,-38.21
15.7851,625.35,628.81,625.51,570,-58.97
15.8352,624.09,627.6,624.25,640,12.24
15.8853,622.86,626.41,623.02,589,-37.58
15.9355,621.66,625.26,621.83,605,-20.43
15.9856,620.48,624.13,620.65,668,43.69
16.0358,619.34,623.04,619.52,658,34.78
16.0859,618.23,621.98,618.42,579,-43.17
16.136,617.14,620.95,617.35,611,-10.15
16.1862,616.08,619.94,616.3,636,15.84
16.2363,615.05,618.97,615.3,621,1.79
16.2864,614.04,618.01,614.33,569,-49.31
16.3366,613.06,617.09,613.42,593,-24.46
16.3867,612.11,616.2,612.59,593,-23.68
16.4369,611.19,615.35,611.87,604,-12.02
16.487,610.29,614.51,611.29,580,-35.51
16.5371,609.42,613.71,610.7,635,20.01
16.5873,608.57,612.92,609.77,597,-17.12
16.6374,607.74,612.16,608.6,599,-14.03
16.6875,606.95,611.45,607.53,571,-41.02
16.7377,606.17,610.74,606.59,581,-30.16
16.7878,605.42,610.07,605.75,599,-11.4
16.838,604.69,609.42,604.97,577,-32.7
16.8881,603.99,608.8,604.24,624,14.95
16.9382,603.31,608.2,603.54,582,-26.43
16.9884,602.65,607.63,602.87,578,-29.85
17.0385,602.02,607.09,602.23,644,36.71
17.0886,601.4,606.56,601.6,570,-36.77
17.1388,600.81,606.06,601.01,609,2.74
17.1889,600.24,605.59,600.44,593,-12.79
17.239,599.69,605.14,599.88,607,1.66
17.2892,599.16,604.72,599.35,606,1.08
17.3393,598.66,604.33,598.85,597,-7.52
17.3895,598.17,603.95,598.36,636,31.86
17.4396,597.7,603.6,597.89,607,3.21
17.4897,597.25,603.28,597.44,613,9.54
17.5399,596.82,602.97,597.01,530,-73.16
17.59,596.4,602.69,596.59,586,-16.88
17.6401,596.01,602.43,596.2,624,21.37
17.6903,595.63,602.2,595.82,579,-23.39
17.7404,595.28,602,595.47,614,11.81
17.7906,594.93,601.81,595.13,597,-5
17.8407,594.61,601.65,594.81,615,13.16
17.8908,594.3,601.51,594.5,616,14.29
17.941,594.01,601.4,594.21,601,-0.6
17.9911,593.73,601.31,593.93,628,26.49
18.0412,593.47,601.24,593.67,590,-11.45
18.0914,593.23,601.21,593.43,569,-32.41
18.1415,593,601.2,593.21,594,-7.4
18.1917,592.78,601.21,592.99,583,-18.41
18.2418,592.58,601.25,592.79,576,-25.46
18.2919,592.39,601.31,592.6,584,-17.52
18.3421,592.22,601.41,592.43,595,-6.62
18.3922,592.06,601.53,592.28,586,-15.75
18.4423,591.91,601.68,592.13,534,-67.9
18.4925,591.78,601.87,592,566,-36.09
18.5426,591.65,602.08,591.87,568,-34.3
18.5928,591.54,602.33,591.76,553,-49.56
18.6429,591.44,602.7,591.67,598,-4.93
18.693,591.36,603.86,591.59,582,-22.08
18.7432,591.28,607.75,591.51,598,-9.98
18.7933,591.22,619.5,591.45,609,-10.73
18.8434,591.16,627.87,591.4,682,53.89
18.8936,591.12,616.45,591.36,706,89.32
18.9437,591.08,610.74,591.32,624,13.01
18.9938,591.06,608.8,591.31,587,-22.04
19.044,591.04,608.17,591.29,634,25.58
19.0941,591.03,608.13,591.28,636,27.62
19.1443,591.04,608.42,591.3,629,20.33
19.1944,591.05,608.91,591.31,675,65.83
19.2445,591.07,609.57,591.33,616,6.17
19.2947,591.09,610.36,591.36,625,14.37
19.3448,591.13,611.3,591.4,697,85.43
19.3949,591.17,612.37,591.45,655,42.36
19.4451,591.22,613.57,591.5,612,-1.84
19.4952,591.27,614.92,591.55,642,26.79
19.5454,591.34,616.46,591.63,592,-24.75
19.5955,591.41,618.19,591.7,730,111.53
19.6456,591.48,620.12,591.78,659,38.58
19.6958,591.56,622.32,591.87,672,49.37
19.7459,591.65,624.82,591.97,694,68.86
19.796,591.74,627.66,592.09,691,62.99
19.8462,591.84,630.93,592.24,749,117.67
19.8963,591.94,634.7,592.36,698,62.88
19.9465,592.04,639.09,592.44,741,101.51
19.9966,592.16,644.25,592.54,702,57.37
20.0467,592.27,650.35,592.65,697,46.27
20.0969,592.39,657.59,592.76,752,94.04
20.147,592.51,666.45,592.89,788,121.18
20.1971,592.64,677.35,593.02,824,146.27
20.2473,592.77,690.99,593.16,848,156.62
20.2974,592.9,708.38,593.3,823,114.22
20.3476,593.03,731.06,593.44,826,94.54
20.3977,593.17,761.44,593.59,903,141.14
20.4478,593.31,803.51,593.74,954,150.06
20.498,593.45,864.2,593.89,982,117.35
20.5481,593.6,956.49,594.05,1076,119.06
20.5982,593.74,1106.83,594.21,1142,34.7
20.6484,593.89,1375.42,594.38,1502,126.1
20.6985,594.04,1914.36,594.54,2074,159.14
20.7486,594.19,3130.54,594.72,3576,444.94
20.7988,594.34,5989.95,594.89,6695,704.51
20.8489,594.49,10170.45,595.06,10759,587.98
20.8991,594.64,8863.74,595.24,9435,570.66
20.9492,594.79,4879,595.43,5142,262.36
20.9993,594.94,2531.37,595.61,2560,27.95
21.0495,595.1,1637.27,595.82,1669,31.02
21.0996,595.25,1241.94,596.02,1271,28.3
21.1497,595.4,1036.15,596.22,1153,116.02
21.1999,595.55,916,596.44,1038,121.1
21.25,595.7,839.91,596.67,901,60.12
21.3002,595.85,788.75,596.92,859,69.18
21.3503,596,752.75,597.19,829,75.06
21.4004,596.15,726.49,597.48,786,58.18
21.4506,596.3,706.77,597.82,838,129.72
21.5007,596.44,691.71,598.19,764,70.53
21.5508,596.59,679.81,598.66,713,31.12
21.601,596.73,670.32,599.24,723,50.17
21.6511,596.87,662.66,600.02,670,4.2
21.7013,597.01,656.39,601.07,716,55.56
21.7514,597.14,651.21,602.53,693,36.4
21.8015,597.28,646.9,604.84,700,45.54
21.8517,597.41,643.28,608.74,653,-1.62
21.9018,597.54,640.23,615.52,676,17.79
21.9519,597.66,637.64,626.25,707,40.77
22.0021,597.79,635.44,636.46,766,91.9
22.0522,597.91,633.55,635.26,781,110.1
22.1024,598.02,631.93,624.79,805,146.3
22.1525,598.14,630.55,614.73,719,71.86
22.2026,598.25,629.37,608.67,703,63.21
22.2528,598.36,628.36,605.39,654,18.61
22.3029,598.46,627.49,603.52,649,16.45
22.353,598.56,626.76,602.41,639,8.39
22.4032,598.66,626.14,601.72,627,-2.2
22.4533,598.75,625.61,601.28,579,-49.14
22.5034,598.84,625.19,600.99,629,1.66
22.5536,598.93,624.84,600.81,633,6.28
22.6037,599.01,624.57,600.68,577,-49.24
22.6539,599.08,624.36,600.6,636,10.11
22.704,599.16,624.22,600.57,655,29.37
22.7541,599.23,624.14,600.55,651,25.55
22.8043,599.29,624.1,600.55,594,-31.36
22.8544,599.35,624.12,600.56,580,-45.33
22.9045,599.4,624.17,600.58,587,-38.36
22.9547,599.45,624.28,600.61,586,-39.45
23.0048,599.5,624.43,600.66,620,-5.59
23.055,599.54,624.63,600.7,593,-32.79
23.1051,599.58,624.86,600.76,611,-15.03
23.1552,599.61,625.13,600.81,590,-36.33
23.2054,599.63,625.44,600.88,550,-76.69
23.2555,599.65,625.78,600.95,567,-60.09
23.3056,599.67,626.18,601.05,574,-53.55
23.3558,599.68,626.6,601.15,612,-16.07
23.4059,599.69,627.07,601.29,608,-20.66
23.4561,599.69,627.58,601.45,585,-44.33
23.5062,599.68,628.12,601.65,595,-35.08
23.5563,599.67,628.7,601.92,558,-72.95
23.6065,599.65,629.33,602.28,546,-85.96
23.6566,599.63,630,602.79,641,7.84
23.7067,599.6,630.72,603.53,574,-60.65
23.7569,599.57,631.48,604.66,607,-29.57
23.807,599.53,632.47,606.49,584,-55.42
23.8572,599.49,635.09,609.58,609,-36.18
23.9073,599.44,642.59,615,640,-18.14
23.9574,599.38,667.39,624.19,727,34.8
24.0076,599.32,739.46,635.72,833,57.14
24.0577,599.25,759.11,639.37,836,36.77
24.1078,599.18,696.27,631.41,728,-0.51
24.158,599.1,668.63,620.12,680,-9.65
24.2081,599.01,657.89,612.09,622,-48.98
24.2582,598.92,653.21,607.52,623,-38.82
24.3084,598.82,651.16,604.89,581,-76.23
24.3585,598.72,650.47,603.27,606,-49.02
24.4087,598.61,650.6,602.19,591,-63.18
24.4588,598.5,651.3,601.43,618,-36.22
24.5089,598.38,652.4,600.85,624,-30.87
24.5591,598.25,653.83,600.39,549,-106.97
24.6092,598.11,655.57,600.01,637,-20.47
24.6593,597.98,657.6,599.69,619,-40.31
24.7095,597.83,659.9,599.39,607,-54.47
24.7596,597.68,662.49,599.13,632,-31.94
24.8098,597.52,665.37,598.88,578,-88.73
24.8599,597.36,668.57,598.64,586,-83.85
24.91,597.19,672.11,598.42,626,-47.33
24.9602,597.01,676.01,598.19,626,-51.19
25.0103,596.83,680.33,597.97,603,-78.47
25.0604,596.64,685.11,597.75,575,-111.21
25.1106,596.44,690.4,597.52,581,-110.48
25.1607,596.24,696.28,597.3,634,-63.34
25.2109,596.03,702.82,597.07,605,-98.87
25.261,595.82,710.12,596.85,644,-67.15
25.3111,595.6,718.29,596.62,673,-46.31
25.3613,595.38,727.48,596.39,728,-0.49
25.4114,595.14,737.74,596.15,729,-9.75
25.4615,594.91,749.47,595.91,746,-4.47
25.5117,594.66,762.81,595.66,720,-43.81
25.5618,594.41,778.08,595.41,800,20.91
25.612,594.16,795.67,595.17,841,44.33
25.6621,593.89,816.03,594.9,957,139.95
25.7122,593.62,839.81,594.64,1172,331.17
25.7624,593.35,867.79,594.37,1253,384.19
25.8125,593.07,901,594.1,1177,274.97
25.8626,592.78,940.82,593.82,1159,217.14
25.9128,592.49,989.13,593.54,1194,203.82
25.9629,592.19,1048.5,593.25,1232,182.44
26.013,591.89,1122.58,592.96,1262,138.36
26.0632,591.58,1216.63,592.67,1375,157.29
26.1133,591.26,1338.53,592.36,1417,77.37
26.1635,590.94,1500.49,592.05,1663,161.39
26.2136,590.61,1722.24,591.74,1673,-50.37
26.2637,590.28,2034.04,591.43,1902,-133.18
26.3139,589.94,2501.67,591.1,2199,-303.83
26.364,589.59,3241.87,590.77,2793,-450.05
26.4141,589.24,4510.14,590.44,3869,-642.34
26.4643,588.88,6893.5,590.1,6018,-876.73
26.5144,588.52,11770.48,589.77,11366,-405.72
26.5646,588.15,23160.02,589.42,23991,829.72
26.6147,587.78,47266.57,589.07,48257,989.15
26.6648,587.4,52447.51,588.72,55637,3188.18
26.715,587.01,37550.39,588.35,38418,866.27
26.7651,586.62,18481.67,587.99,17996,-487.05
26.8152,586.22,9278.13,587.62,8185,-1094.53
26.8654,585.82,5574.03,587.25,4674,-901.46
26.9155,585.41,3808.51,586.87,3131,-678.97
26.9657,585,2838.14,586.5,2361,-478.63
27.0158,584.58,2248.61,586.11,1941,-309.14
27.0659,584.16,1863.7,585.73,1653,-212.26
27.1161,583.73,1598.46,585.33,1455,-145.06
27.1662,583.29,1408.74,584.93,1288,-122.39
27.2163,582.85,1266.92,584.53,1171,-97.6
27.2665,582.41,1158.63,584.14,1220,59.65
27.3166,581.96,1074.03,583.73,1105,29.2
27.3668,581.5,1006.66,583.32,1075,66.52
27.4169,581.04,952.1,582.91,1005,51.04
27.467,580.58,907.28,582.5,947,37.81
27.5172,580.11,869.99,582.08,940,68.05
27.5673,579.63,838.6,581.66,926,85.37
27.6174,579.15,811.93,581.26,919,104.96
27.6676,578.67,789.06,580.96,903,111.66
27.7177,578.18,769.28,580.85,809,37.05
27.7678,577.68,752.04,581.21,824,68.42
27.818,577.18,736.93,582.37,814,71.88
27.8681,576.68,723.59,583.28,782,51.82
27.9183,576.17,711.74,582.18,791,73.25
27.9684,575.66,701.17,580.54,810,103.96
28.0185,575.14,691.67,579.3,807,111.16
28.0687,574.62,683.16,578.4,798,111.06
28.1188,574.09,675.41,577.66,742,63.02
28.1689,573.56,668.36,577.03,759,87.17
28.2191,573.02,661.92,576.46,758,92.64
28.2692,572.48,656.02,575.93,697,37.53
28.3194,571.94,650.61,575.43,761,106.91
28.3695,571.39,645.6,574.94,682,32.85
28.4196,570.83,640.96,574.46,743,98.41
28.4698,570.28,636.66,574.01,687,46.61
28.5199,569.72,632.66,573.56,736,99.5
28.57,569.15,628.91,573.12,665,32.12
28.6202,568.58,625.41,572.69,751,121.48
28.6703,568.01,622.12,572.27,716,89.62
28.7205,567.43,619.02,571.86,671,47.55
28.7706,566.85,616.1,571.47,728,107.28
28.8207,566.27,613.34,571.09,659,40.84
28.8709,565.68,610.72,570.72,658,42.25
28.921,565.08,608.23,570.35,722,108.5
28.9711,564.49,605.88,570.02,727,115.6
29.0213,563.89,603.62,569.69,748,138.57
29.0714,563.29,601.47,569.39,792,184.43
29.1216,562.68,599.41,569.11,764,158.16
29.1717,562.07,597.43,568.86,728,123.78
29.2218,561.45,595.53,568.63,677,74.28
29.272,560.84,593.71,568.45,645,43.68
29.3221,560.22,591.96,568.3,612,11.97
29.3722,559.59,590.26,568.18,710,111.15
29.4224,558.97,588.63,568.13,671,73.21
29.4725,558.34,587.05,568.13,737,140.17
29.5226,557.7,585.51,568.19,729,133
29.5728,557.07,584.03,568.33,662,66.71
29.6229,556.43,582.59,568.56,673,78.28
29.6731,555.79,581.18,568.9,659,64.71
29.7232,555.14,579.81,569.35,618,23.97
29.7733,554.49,578.48,569.95,647,53.06
29.8235,553.84,577.18,570.72,645,50.93
29.8736,553.19,575.91,571.71,678,83.58
29.9237,552.53,574.66,572.93,688,92.94
29.9739,551.87,573.44,574.45,637,40.98
30.024,551.21,572.23,576.36,623,25.61
30.0742,550.55,571.05,578.76,633,33.74
30.1243,549.88,569.87,581.75,610,8.26
30.1744,549.21,568.71,585.46,624,19.03
30.2246,548.54,567.56,590.11,594,-15.13
30.2747,547.87,566.41,596.05,673,58.42
30.3248,547.19,565.26,603.7,642,20.22
30.375,546.51,564.13,613.75,625,-6.38
30.4251,545.83,563.02,627.16,663,18.64
30.4753,545.15,561.93,645.5,635,-27.29
30.5254,544.47,560.86,671.3,723,35.31
30.5755,543.78,559.8,708.86,709,-15.88
30.6257,543.09,558.74,765.86,762,-19.51
30.6758,542.4,557.71,856.22,918,46.47
30.7259,541.71,556.69,1005.31,1026,5.72
30.7761,541.01,555.67,1259.49,1461,186.85
30.8262,540.32,554.67,1685.29,1769,69.37
30.8764,539.62,553.68,2196.89,2029,-181.94
30.9265,538.92,552.7,2336.38,2282,-68.16
30.9766,538.22,551.73,2046.38,2220,160.12
31.0268,537.51,550.76,1579.51,1635,42.24
31.0769,536.81,549.81,1187.41,1236,35.59
31.127,536.1,548.86,951.7,916,-48.45
31.1772,535.39,547.91,817.05,694,-135.58
31.2273,534.69,546.99,736.38,662,-86.68
31.2774,533.98,546.07,684.96,660,-37.05
31.3276,533.26,545.14,650.33,634,-28.21
31.3777,532.55,544.24,625.9,639,1.42
31.4279,531.84,543.34,607.99,549,-70.48
31.478,531.12,542.43,594.41,584,-21.72
31.5281,530.4,541.54,583.84,565,-29.98
31.5783,529.69,540.66,575.42,566,-20.38
31.6284,528.97,539.78,568.56,584,4.64
31.6785,528.25,538.9,562.89,608,34.46
31.7287,527.53,538.03,558.13,635,66.38
31.7788,526.8,537.16,554.03,585,20.61
31.829,526.08,536.3,550.43,515,-45.66
31.8791,525.36,535.45,547.27,553,-4.36
31.9292,524.63,534.59,544.46,559,4.57
31.9794,523.91,533.75,541.97,566,14.19
32.0295,523.18,532.91,539.7,571,21.57
32.0796,522.46,532.08,537.63,503,-44.25
32.1298,521.73,531.24,535.73,515,-30.24
32.1799,521,530.41,533.97,522,-21.38
32.2301,520.27,529.58,532.32,501,-40.64
32.2802,519.54,528.76,530.79,447,-93.02
32.3303,518.82,527.96,529.35,533,-5.49
32.3805,518.09,527.15,527.99,511,-26.04
32.4306,517.36,526.34,526.69,489,-46.67
32.4807,516.63,525.54,525.46,513,-21.36
32.5309,515.9,524.74,524.28,498,-35.12
32.581,515.17,523.95,523.16,499,-32.93
32.6312,514.43,523.16,522.08,461,-69.82
32.6813,513.7,522.45,521.05,498,-31.81
32.7314,512.97,521.86,520.08,504,-24.97
32.7816,512.24,521.55,519.15,524,-4.46
32.8317,511.51,521.97,518.28,486,-42.74
32.8818,510.78,523.71,517.47,514,-16.4
32.932,510.05,524.48,516.73,510,-21.15
32.9821,509.32,521.93,516.08,524,-4.69
33.0322,508.59,519.47,515.56,468,-58.43
33.0824,507.86,517.79,515.22,490,-35.14
33.1325,507.12,516.53,515.14,518,-6.55
33.1827,506.39,515.48,515.51,541,16.4
33.2328,505.66,514.55,516.61,514,-11.5
33.2829,504.93,513.68,518.97,516,-11.73
33.3331,504.21,512.86,523.59,574,41.77
33.3832,503.48,512.06,531.86,532,-8.44
33.4333,502.75,511.29,541.78,540,-10.32
33.4835,502.02,510.53,543.7,534,-18.2
33.5336,501.29,509.78,537.19,556,10.32
33.5838,500.56,509.05,527.1,516,-19.59
33.6339,499.84,508.34,517.88,498,-28.37
33.684,499.11,507.62,511.75,484,-36.27
33.7342,498.39,506.93,507.85,514,-2.39
33.7843,497.66,506.24,505.2,488,-25.78
33.8344,496.94,505.56,503.25,510,-1.87
33.8846,496.22,504.9,501.7,451,-59.37
33.9347,495.49,504.23,500.38,504,-5.13
33.9849,494.77,503.58,499.23,479,-29.05
34.035,494.05,502.95,498.18,499,-8.08
34.0851,493.33,502.32,497.21,467,-39.21
34.1353,492.61,501.71,496.3,475,-30.4
34.1854,491.89,501.1,495.43,500,-4.65
34.2355,491.18,500.52,494.61,486,-17.94
34.2857,490.46,499.94,493.8,473,-30.28
34.3358,489.74,499.38,493.02,433,-69.66
34.386,489.03,498.84,492.28,502,-0.09
34.4361,488.32,498.32,491.56,504,2.44
34.4862,487.6,497.8,490.86,427,-74.07
34.5364,486.89,497.31,490.21,444,-56.63
34.5865,486.18,496.85,489.58,487,-13.25
34.6366,485.47,496.41,489,453,-46.94
34.6868,484.77,496,488.49,498,-1.72
34.7369,484.06,495.61,488.04,441,-58.59
34.787,483.36,495.26,487.71,495,-4.6
34.8372,482.65,494.94,487.51,511,11.2
34.8873,481.95,494.66,487.55,504,3.73
34.9375,481.25,494.43,487.95,468,-33.13
34.9876,480.55,494.25,488.94,489,-13.63
35.0377,479.85,494.12,490.9,485,-20.17
35.0879,479.16,494.06,494.58,558,48.53
35.138,478.46,494.06,501.29,514,-2.89
35.1881,477.77,494.15,512.58,530,1.04
35.2383,477.07,494.34,523.71,538,-2.98
35.2884,476.38,494.67,523.55,572,30.15
35.3386,475.69,495.2,515.22,532,-2.73
35.3887,475.01,496.05,503.3,516,-8.34
35.4388,474.32,497.6,492.87,516,-0.15
35.489,473.64,501.1,486.22,482,-31.67
35.5391,472.95,505.59,482.08,480,-34.72
35.5892,472.27,504.28,479.33,492,-19.33
35.6394,471.59,503.89,477.33,459,-50.64
35.6895,470.91,505.3,475.77,521,10.83
35.7397,470.24,507.77,474.49,499,-13.02
35.7898,469.56,511.14,473.38,484,-30.96
35.8399,468.89,515.52,472.39,472,-47.02
35.8901,468.22,521.16,471.48,495,-29.42
35.9402,467.55,528.44,470.64,485,-46.53
35.9903,466.88,537.95,469.85,536,-4.92
36.0405,466.22,550.6,469.1,550,-3.48
36.0906,465.55,567.79,468.37,509,-61.62
36.1408,464.89,591.87,467.69,587,-7.67
36.1909,464.23,626.86,467.02,577,-52.66
36.241,463.57,679.63,466.38,658,-24.45
36.2912,462.92,760.95,465.78,679,-84.81
36.3413,462.26,892.11,465.19,819,-76.04
36.3914,461.61,1114.35,464.63,958,-159.37
36.4416,460.96,1530.54,464.11,1462,-71.69
36.4917,460.31,2278.73,463.62,2264,-18.04
36.5418,459.67,2917.58,463.19,2925,3.9
36.592,459.02,2721.49,462.79,2960,234.73
36.6421,458.38,2260.77,462.48,2340,75.13
36.6923,457.74,1613.82,462.25,1718,99.67
36.7424,457.1,1137.46,462.15,1152,9.48
36.7925,456.47,882.82,462.23,898,9.41
36.8427,455.84,744.95,462.58,776,24.32
36.8928,455.2,664.03,463.34,680,7.83
36.9429,454.57,612.86,464.71,580,-43.01
36.9931,453.95,578.5,466.67,559,-32.21
37.0432,453.32,554.27,469.3,568,-2.25
37.0934,452.7,536.51,473.7,550,-7.51
37.1435,452.08,523.09,481.27,561,8.72
37.1936,451.46,512.65,494.32,534,-21.52
37.2438,450.84,504.36,517.08,551,-19.6
37.2939,450.23,497.65,549.71,618,20.87
37.344,449.62,492.13,568.6,648,36.9
37.3942,449.01,487.51,558.41,590,-6.91
37.4443,448.4,483.61,535.68,593,22.12
37.4945,447.79,480.27,507.16,556,16.36
37.5446,447.19,477.39,485.31,508,-7.51
37.5947,446.59,474.9,472.11,523,22.59
37.6449,445.99,472.7,464.1,491,0.19
37.695,445.39,470.77,458.94,454,-30.33
37.7451,444.8,469.07,455.39,486,6.34
37.7953,444.21,467.57,452.78,468,-8.14
37.8454,443.62,466.24,450.75,433,-40.37
37.8956,443.03,465.08,449.11,426,-45.16
37.9457,442.45,464.09,447.73,458,-11.37
37.9958,441.87,463.28,446.54,498,30.05
38.046,441.29,462.74,445.48,458,-8.92
38.0961,440.71,462.73,444.52,466,-0.53
38.1462,440.13,464.18,443.63,505,37.32
38.1964,439.56,466.23,442.8,478,8.52
38.2465,438.99,463.78,442.03,528,61.18
38.2966,438.42,461.92,441.29,445,-19.78
38.3468,437.86,461.23,440.58,484,20.05
38.3969,437.29,461.06,439.9,481,17.33
38.4471,436.73,461.24,439.24,447,-16.75
38.4972,436.17,461.69,438.6,443,-21.12
38.5473,435.62,462.43,437.98,432,-32.79
38.5975,435.06,463.48,437.37,457,-8.79
38.6476,434.51,464.91,436.78,428,-39.18
38.6977,433.96,466.78,436.2,421,-48.03
38.7479,433.42,469.24,435.64,474,2.55
38.798,432.87,472.38,435.07,481,6.42
38.8482,432.33,476.5,434.53,446,-32.7
38.8983,431.79,481.9,433.99,460,-24.1
38.9484,431.25,489.07,433.46,495,3.71
38.9986,430.72,498.82,432.95,508,6.96
39.0487,430.19,512.39,432.44,522,7.36
39.0988,429.66,531.99,431.94,539,4.73
39.149,429.13,561.61,431.45,565,1.06
39.1991,428.61,608.85,430.99,620,8.78
39.2493,428.08,687.36,430.52,672,-17.8
39.2994,427.56,818.72,430.09,807,-14.25
39.3495,427.05,1066.91,429.69,1135,65.45
39.3997,426.53,1685.24,429.25,1865,177.04
39.4498,426.02,2909.71,428.8,3190,277.51
39.4999,425.51,2869.03,428.38,3378,506.11
39.5501,425,2397.94,427.97,2699,298.1
39.6002,424.5,1851.63,427.59,2134,279.29
39.6503,423.99,1138.27,427.22,1243,101.5
39.7005,423.49,822.11,426.88,859,33.49
39.7506,422.99,685.69,426.56,696,6.73
39.8008,422.5,619.25,426.28,627,3.97
39.8509,422.01,585.54,426.02,599,9.46
39.901,421.52,570.79,425.79,556,-19.06
39.9512,421.03,570.28,425.6,552,-22.85
40.0013,420.54,584.09,425.46,581,-8.01
40.0514,420.06,616.1,425.38,644,22.58
40.1016,419.58,675.8,425.37,687,5.42
40.1517,419.1,785.21,425.44,789,-2.55
40.2019,418.62,999.98,425.62,1021,14.03
40.252,418.15,1351.98,425.96,1389,29.22
40.3021,417.68,1529.44,426.51,1512,-26.28
40.3523,417.21,1387.44,427.31,1436,38.46
40.4024,416.74,1201.68,428.18,1231,17.88
40.4525,416.28,929.86,429.18,992,49.24
40.5027,415.82,727.97,430.6,695,-47.75
40.5528,415.36,618.13,432.64,634,-1.41
40.603,414.9,557.51,435.49,554,-24.1
40.6531,414.45,521.3,439.51,555,8.64
40.7032,413.99,498,445.24,520,-9.25
40.7534,413.54,482.09,453.62,529,6.83
40.8035,413.1,470.71,466.18,551,27.21
40.8536,412.65,462.26,485.43,552,16.96
40.9038,412.21,455.82,515.73,572,12.67
40.9539,411.77,450.8,565.88,633,28.08
41.0041,411.33,446.88,651.14,717,30.3
41.0542,410.9,443.93,765.12,759,-39.14
41.1043,410.46,442.21,818.08,799,-50.83
41.1545,410.03,442.13,779.41,845,33.48
41.2046,409.6,439.94,711.21,769,27.45
41.2547,409.18,436.81,619.5,620,-27.12
41.3049,408.75,434.91,544.11,576,5.72
41.355,408.33,433.7,497.93,552,28.7
41.4052,407.91,432.89,470.43,508,12.59
41.4553,407.5,432.41,453.37,458,-20.28
41.5054,407.08,432.22,442.14,462,-5.28
41.5556,406.67,432.33,434.36,511,50.99
41.6057,406.26,432.76,428.71,484,28.79
41.6558,405.85,433.55,424.46,442,-10.16
41.706,405.44,434.78,421.14,435,-15.49
41.7561,405.04,436.57,418.5,456,5.97
41.8062,404.64,439.04,416.33,451,0.27
41.8564,404.24,442.43,414.51,445,-7.7
41.9065,403.84,447.07,412.96,447,-9.19
41.9567,403.45,453.48,411.62,441,-20.65
42.0068,403.06,462.5,410.45,485,15.11
42.0569,402.67,475.57,409.4,464,-18.29
42.1071,402.28,495.23,408.45,513,11.61
42.1572,401.89,526.17,407.58,569,37.14
42.2073,401.51,576.53,406.8,632,50.19
42.2575,401.13,657.83,406.07,769,106.24
42.3076,400.75,799.67,405.39,887,82.69
42.3578,400.37,1129.83,404.75,1313,178.78
42.4079,400,1931.96,404.16,1969,32.88
42.458,399.62,2439.28,403.59,2371,-72.26
42.5082,399.25,1916.82,403.06,2020,99.37
42.5583,398.88,1753.81,402.55,1659,-98.49
42.6084,398.52,1185.81,402.08,1227,37.64
42.6586,398.15,795.32,401.62,878,79.21
42.7087,397.79,628.54,401.19,666,34.07
42.7589,397.43,548.98,400.77,616,63.68
42.809,397.07,505.2,400.38,501,-7.51
42.8591,396.71,478.45,400.01,478,-3.76
42.9093,396.36,460.83,399.67,455,-9.14
42.9594,396.01,448.54,399.35,448,-3.88
43.0095,395.66,439.58,399.06,442,-0.97
43.0597,395.31,432.81,398.79,448,11.71
43.1098,394.96,427.54,398.57,426,-5.15
43.16,394.62,423.35,398.4,442,14.87
43.2101,394.28,419.94,398.28,414,-9.94
43.2602,393.93,417.11,398.24,413,-8.42
43.3104,393.6,414.74,398.32,456,36.55
43.3605,393.26,412.7,398.54,418,0.02
43.4106,392.93,410.96,399,402,-15.02
43.4608,392.59,409.42,399.8,406,-10.64
43.5109,392.26,408.07,401.16,391,-25.98
43.561,391.93,406.88,403.38,452,33.67
43.6112,391.61,405.81,407.13,413,-8.33
43.6613,391.28,404.85,413.68,429,1.75
43.7115,390.96,403.98,423.69,476,39.29
43.7616,390.63,403.18,431.27,448,4.17
43.8117,390.31,402.46,429.48,480,38.36
43.8619,390,401.81,424.35,430,-6.15
43.912,389.68,401.2,416.98,418,-10.5
43.9621,389.37,400.65,409.07,445,24.66
44.0123,389.05,400.14,403.69,419,4.23
44.0624,388.74,399.67,400.56,427,15.5
44.1126,388.43,399.25,398.81,409,-0.63
44.1627,388.13,398.88,397.9,391,-17.64
44.2128,387.82,398.53,397.52,416,7.77
44.263,387.52,398.23,397.55,406,-2.26
44.3131,387.21,397.96,397.95,376,-32.71
44.3632,386.91,397.74,398.81,410,0.35
44.4134,386.61,397.56,400.21,427,15.83
44.4635,386.32,397.44,402.35,432,18.54
44.5137,386.02,397.35,405.52,405,-11.85
44.5638,385.73,397.33,410.26,410,-11.85
44.6139,385.44,397.37,417.39,421,-8.32
44.6641,385.14,397.5,428.26,415,-25.62
44.7142,384.86,397.76,445.29,422,-36.19
44.7643,384.57,398.19,473.74,497,9.64
44.8145,384.28,398.87,521.67,548,11.74
44.8646,384,400.01,581.63,552,-45.64
44.9147,383.71,402.07,603.27,650,28.37
44.9649,383.43,406.06,581.04,615,11.32
45.015,383.15,411.74,550.11,575,-3.71
45.0652,382.87,413.08,505.18,542,6.6
45.1153,382.6,411.22,463.82,516,23.56
45.1654,382.32,411.05,437,464,-1.73
45.2156,382.05,412.79,420.7,421,-30.44
45.2657,381.78,416.17,410.25,416,-28.63
45.3158,381.5,421.33,403.21,468,24.95
45.366,381.23,428.95,398.29,493,46.99
45.4161,380.97,440.22,394.77,449,-5.02
45.4663,380.7,457.49,392.12,509,40.09
45.5164,380.43,484.47,390.08,597,102.88
45.5665,380.17,526.89,388.47,558,22.81
45.6167,379.91,593.22,387.17,680,79.52
45.6668,379.65,721.4,386.13,805,77.12
45.7169,379.39,1040.67,385.33,1118,71.4
45.7671,379.13,1694.67,384.69,1520,-180.23
45.8172,378.87,1731.23,383.98,1587,-149.33
45.8674,378.61,1392.44,383.17,1404,6.99
45.9175,378.36,1311.37,382.45,1097,-218.46
45.9676,378.1,909.57,381.81,857,-56.29
46.0178,377.85,651.37,381.25,690,35.23
46.0679,377.6,539.97,380.74,555,11.88
46.118,377.35,485.77,380.28,468,-20.69
46.1682,377.1,455.53,379.84,458,-0.28
46.2183,376.85,436.9,379.43,432,-7.48
46.2685,376.61,424.55,379.04,411,-15.98
46.3186,376.36,415.9,378.67,458,39.79
46.3687,376.12,409.59,378.32,419,7.21
46.4189,375.88,404.83,377.98,406,-0.92
46.469,375.63,401.12,377.64,390,-13.13
46.5191,375.39,398.18,377.32,416,15.89
46.5693,375.15,395.8,377.01,409,11.34
46.6194,374.91,393.83,376.71,369,-26.64
46.6696,374.68,392.2,376.42,385,-8.94
46.7197,374.44,390.81,376.13,381,-11.5
46.7698,374.21,389.64,375.85,378,-13.28
46.82,373.97,388.61,375.57,385,-5.21
46.8701,373.74,387.73,375.31,403,13.71
46.9202,373.5,386.94,375.04,346,-42.49
46.9704,373.27,386.26,374.78,382,-5.77
47.0205,373.04,385.65,374.52,402,14.86
47.0706,372.81,385.12,374.27,387,0.42
47.1208,372.59,384.65,374.03,382,-4.08
47.1709,372.36,384.22,373.78,392,6.36
47.2211,372.13,383.85,373.54,371,-14.25
47.2712,371.91,383.52,373.3,413,28.09
47.3213,371.68,383.22,373.07,409,24.4
47.3715,371.46,382.96,372.84,372,-12.34
47.4216,371.23,382.73,372.61,378,-6.11
47.4717,371.01,382.54,372.39,346,-37.92
47.5219,370.79,382.38,372.17,409,25.24
47.572,370.57,382.25,371.95,401,17.36
47.6222,370.35,382.15,371.74,360,-23.54
47.6723,370.13,382.08,371.53,394,10.52
47.7224,369.91,382.04,371.32,365,-18.45
47.7726,369.69,382.02,371.12,374,-9.45
47.8227,369.48,382.05,370.93,352,-31.49
47.8728,369.26,382.09,370.73,391,7.44
47.923,369.05,382.18,370.54,350,-33.67
47.9731,368.83,382.29,370.35,341,-42.82
48.0233,368.62,382.45,370.18,418,33.99
48.0734,368.41,382.65,370.01,342,-42.24
48.1235,368.19,382.88,369.83,373,-11.52
48.1737,367.98,383.16,369.67,386,1.15
48.2238,367.77,383.49,369.52,406,20.76
48.2739,367.56,383.87,369.38,413,27.31
48.3241,367.35,384.31,369.24,411,24.8
48.3742,367.14,384.81,369.12,431,44.2
48.4244,366.93,385.39,369.02,396,8.53
48.4745,366.72,386.04,368.93,403,14.75
48.5246,366.52,386.79,368.87,371,-18.13
48.5748,366.31,387.62,368.83,409,18.86
48.6249,366.1,388.57,368.82,438,46.71
48.675,365.9,389.65,368.88,430,37.38
48.7252,365.69,390.86,368.99,450,55.84
48.7753,365.49,392.25,369.2,398,2.04
48.8254,365.28,393.82,369.54,447,48.91
48.8756,365.08,395.62,370.09,412,11.36
48.9257,364.88,397.69,370.95,406,2.24
48.9759,364.67,400.07,372.24,413,5.35
49.026,364.47,402.87,374.28,460,47.32
49.0761,364.27,406.22,377.68,486,66.36
49.1263,364.07,410.49,383.51,476,46.07
49.1764,363.87,416.54,391.58,475,30.76
49.2265,363.67,422.96,396.13,469,13.58
49.2767,363.47,426.87,393.73,457,-0.12
49.3268,363.27,432.5,390.23,436,-23.45
49.377,363.07,440.32,385.45,462,-0.7
49.4271,362.87,450.27,379.49,459,-7.89
49.4772,362.67,462.77,375.08,488,12.82
49.5274,362.47,478.66,372.45,485,-3.64
49.5775,362.27,499.3,370.95,529,21.02
49.6276,362.08,526.04,370.13,503,-31.09
49.6778,361.88,560.33,369.73,562,-6.17
49.7279,361.68,607.74,369.64,564,-51.7
49.7781,361.49,674.86,369.82,629,-54.19
49.8282,361.29,772.53,370.26,654,-127.49
49.8783,361.09,915.61,370.97,894,-31.49
49.9285,360.9,1128.66,372.05,1034,-105.81
49.9786,360.7,1475.74,373.59,1403,-85.63
50.0287,360.51,2119.8,375.79,2108,-27.08
50.0789,360.31,3290.13,378.93,3349,40.25
50.129,360.12,4519.07,383.46,4629,86.6
50.1792,359.92,4336.93,390.03,4710,342.96
50.2293,359.73,3731.13,399.95,3688,-83.34
50.2794,359.53,3280.28,416.1,3405,68.15
50.3296,359.34,2380.43,443.14,2402,-62.22
50.3797,359.14,1603.94,479.71,1546,-178.51
50.4298,358.95,1159.7,499.97,1186,-114.72
50.48,358.76,915.18,490.47,921,-125.88
50.5301,358.56,778.53,477.78,876,-21.75
50.5802,358.37,713.18,460.87,789,-26.69
50.6304,358.18,678.66,439.09,770,10.44
50.6805,357.98,610.25,425.24,711,33.48
50.7307,357.79,568.54,421.85,681,48.4
50.7808,357.6,537.47,427.67,638,30.46
50.8309,357.4,495.41,444.12,675,92.86
50.8811,357.21,467.46,476.97,635,47.78
50.9312,357.02,449.48,530.57,606,-17.03
50.9813,356.82,436.51,579.6,593,-66.29
51.0315,356.63,426.5,577.19,640,-7.06
51.0816,356.44,418.44,552.43,640,25.58
51.1318,356.24,411.78,527.56,580,-3.1
51.1819,356.05,406.21,486,572,35.84
51.232,355.86,401.48,445.15,544,53.23
51.2822,355.67,397.43,417.84,510,50.41
51.3323,355.47,393.83,400.22,428,-10.58
51.3824,355.28,390.64,388.31,481,57.33
51.4326,355.09,387.83,380.33,461,47.93
51.4827,354.89,385.34,374.85,370,-35.3
51.5329,354.7,383.13,370.94,384,-15.37
51.583,354.51,381.14,368.04,408,13.34
51.6331,354.31,379.34,365.79,406,15.18
51.6833,354.12,377.71,364.02,380,-7.62
51.7334,353.93,376.23,362.59,420,35.11
51.7835,353.73,374.87,361.4,377,-5.54
51.8337,353.54,373.63,360.41,369,-11.5
51.8838,353.35,372.49,359.58,360,-18.71
51.9339,353.15,371.42,358.87,345,-32.14
51.9841,352.96,370.45,358.29,385,9.22
52.0342,352.77,369.54,357.83,345,-29.6
52.0844,352.57,368.69,357.49,369,-4.61
52.1345,352.38,367.91,357.35,380,7.12
52.1846,352.18,367.17,357.51,364,-8.5
52.2348,351.99,366.49,357.98,358,-14.48
52.2849,351.79,365.84,358.17,402,29.78
52.335,351.6,365.24,357.57,386,14.79
52.3852,351.4,364.67,356.81,358,-12.08
52.4353,351.21,364.14,356.03,387,18.03
52.4855,351.01,363.64,355.04,348,-19.67
52.5356,350.82,363.18,354.15,369,2.49
52.5857,350.62,362.73,353.48,321,-44.59
52.6359,350.42,362.32,352.97,323,-41.87
52.686,350.23,361.94,352.57,382,17.72
52.7361,350.03,361.57,352.2,382,18.25
52.7863,349.83,361.24,351.83,379,15.76
52.8364,349.64,360.93,351.5,342,-20.79
52.8866,349.44,360.64,351.18,382,19.62
52.9367,349.24,360.38,350.88,341,-21.01
52.9868,349.04,360.13,350.59,374,12.31
53.037,348.85,359.93,350.32,334,-27.4
53.0871,348.65,359.74,350.06,344,-17.14
53.1372,348.45,359.57,349.8,384,23.08
53.1874,348.25,359.44,349.54,364,3.27
53.2375,348.05,359.35,349.29,366,5.41
53.2877,347.85,359.3,349.05,345,-15.5
53.3378,347.65,359.31,348.82,342,-18.48
53.3879,347.45,359.39,348.6,345,-15.54
53.4381,347.25,359.58,348.4,360,-0.73
53.4882,347.05,359.95,348.23,364,2.87
53.5383,346.85,360.68,348.02,361,-0.85
53.5885,346.65,362.13,347.76,385,21.76
53.6386,346.45,364.85,347.48,378,12.12
53.6888,346.24,367.26,347.22,406,37.75
53.7389,346.04,366.3,346.97,340,-27.24
53.789,345.84,364.64,346.74,338,-27.54
53.8392,345.64,363.95,346.51,367,2.18
53.8893,345.43,363.98,346.27,375,10.17
53.9394,345.23,364.49,346.05,364,-1.31
53.9896,345.02,365.35,345.82,392,25.85
54.0397,344.82,366.56,345.6,350,-17.34
54.0898,344.62,368.15,345.38,375,6.09
54.14,344.41,370.17,345.15,347,-23.92
54.1901,344.2,372.75,344.93,408,34.52
54.2403,344,376.06,344.71,357,-19.77
54.2904,343.79,380.34,344.49,380,-1.03
54.3405,343.59,385.98,344.27,384,-2.66
54.3907,343.38,393.6,344.05,396,1.74
54.4408,343.17,404.17,343.83,414,9.17
54.4909,342.96,419.26,343.61,442,22.09
54.5411,342.75,441.5,343.39,470,27.86
54.5912,342.55,473.78,343.18,512,37.6
54.6414,342.34,518.52,342.96,531,11.87
54.6915,342.13,587.01,342.74,588,0.39
54.7416,341.92,724.87,342.52,820,94.53
54.7918,341.71,1054.31,342.3,1008,-46.9
54.8419,341.5,1743.48,342.08,1328,-416.05
54.892,341.29,1928.89,341.87,1512,-417.46
54.9422,341.08,1427,341.65,1298,-129.56
54.9923,340.86,1397.15,341.42,1206,-191.71
55.0425,340.65,1283.1,341.21,1101,-182.65
55.0926,340.44,886.49,340.99,899,11.96
55.1427,340.23,683.67,340.78,724,39.79
55.1929,340.01,623.29,340.55,713,89.16
55.243,339.8,668.83,340.34,650,-19.37
55.2931,339.58,857.94,340.12,825,-33.48
55.3433,339.37,962.78,339.91,868,-95.32
55.3934,339.15,773.25,339.69,827,53.21
55.4436,338.94,724.94,339.47,706,-19.47
55.4937,338.72,705.99,339.25,669,-37.52
55.5438,338.51,559.82,339.03,567,6.66
55.594,338.29,466.45,338.81,467,0.04
55.6441,338.07,422.89,338.59,443,19.6
55.6942,337.85,400.02,338.36,387,-13.53
55.7444,337.64,386.35,338.15,405,18.15
55.7945,337.42,377.34,337.93,377,-0.85
55.8446,337.2,370.99,337.71,381,9.51
55.8948,336.98,366.27,337.49,336,-30.78
55.9449,336.76,362.64,337.27,384,20.85
55.9951,336.54,359.75,337.05,357,-3.26
56.0452,336.32,357.41,336.83,377,19.08
56.0953,336.1,355.48,336.61,351,-4.99
56.1455,335.88,353.85,336.39,375,20.64
56.1956,335.65,352.45,336.17,345,-7.97
56.2457,335.43,351.27,335.95,301,-50.79
56.2959,335.21,350.24,335.73,363,12.24
56.346,334.98,349.35,335.51,362,12.12
56.3962,334.76,348.58,335.3,322,-27.12
56.4463,334.54,347.92,335.09,370,21.53
56.4964,334.31,347.35,334.88,365,17.08
56.5466,334.09,346.89,334.69,337,-10.49
56.5967,333.86,346.51,334.52,356,8.82
56.6468,333.64,346.26,334.38,341,-5.99
56.697,333.41,346.12,334.18,360,13.12
56.7471,333.18,346.13,333.91,326,-20.86
56.7973,332.96,346.37,333.64,345,-2.05
56.8474,332.73,346.88,333.39,347,-0.53
56.8975,332.5,347.77,333.15,325,-23.42
56.9477,332.27,349.21,332.92,368,18.15
56.9978,332.04,351.43,332.69,333,-19.08
57.0479,331.81,355.22,332.47,366,10.12
57.0981,331.58,362.36,332.25,350,-13.03
57.1482,331.35,375.77,332.03,344,-32.45
57.1983,331.12,393.66,331.81,392,-2.36
57.2485,330.89,397.29,331.6,407,8.99
57.2986,330.66,387.11,331.39,391,3.15
57.3488,330.43,382.05,331.19,333,-49.81
57.3989,330.2,376,330.99,394,17.21
57.449,329.97,364.18,330.8,371,5.99
57.4992,329.73,354.87,330.62,353,-2.77
57.5493,329.5,349.45,330.45,356,5.59
57.5994,329.27,346.3,330.26,347,-0.29
57.6496,329.03,344.35,330.04,337,-8.36
57.6997,328.8,343.08,329.83,376,31.89
57.7499,328.57,342.22,329.63,339,-4.28
57.8,328.33,341.61,329.44,358,15.27
57.8501,328.1,341.19,329.27,341,-1.36
57.9003,327.86,340.9,329.11,386,43.86
57.9504,327.63,340.71,328.97,365,22.95
58.0005,327.39,340.61,328.84,350,7.95
58.0507,327.15,340.58,328.73,356,13.84
58.1008,326.91,340.62,328.65,367,24.64
58.151,326.68,340.73,328.59,345,2.36
58.2011,326.44,340.9,328.53,346,3.01
58.2512,326.2,341.13,328.52,314,-29.46
58.3014,325.96,341.44,328.58,337,-7.06
58.3515,325.73,341.83,328.75,337,-7.84
58.4016,325.49,342.29,329.02,359,13.18
58.4518,325.25,342.83,329.48,337,-10.06
58.5019,325.01,343.48,330.18,370,21.35
58.5521,324.77,344.24,331.21,379,28.32
58.6022,324.53,345.13,332.76,349,-4.36
58.6523,324.29,346.19,335.2,350,-7.1
58.7025,324.05,347.48,339.33,357,-5.76
58.7526,323.81,349.09,346.27,360,-11.55
58.8027,323.57,350.71,355.54,381,-1.68
58.8529,323.32,352.34,360.63,365,-24.65
58.903,323.08,354.38,357.46,402,13.25
58.9532,322.84,356.85,353.43,354,-33.44
59.0033,322.6,359.81,350.41,405,17.38
59.0534,322.36,363.33,344.84,388,2.2
59.1036,322.11,367.53,338.62,383,-1.04
59.1537,321.87,372.6,334.27,406,20.99
59.2038,321.63,378.77,331.71,371,-17.85
59.254,321.38,386.35,330.32,412,16.7
59.3041,321.14,395.82,329.75,427,22.58
59.3542,320.9,407.8,329.81,430,13.29
59.4044,320.65,423.25,330.47,429,-4.08
59.4545,320.41,443.52,331.82,517,62.08
59.5047,320.16,470.84,334.03,485,0.28
59.5548,319.92,508.27,337.63,480,-45.98
59.6049,319.68,559.93,343.76,579,-5.01
59.6551,319.43,630.81,354.31,662,-3.69
59.7052,319.19,729.48,370.22,772,-8.5
59.7553,318.94,880.75,383.84,965,19.34
59.8055,318.7,1145.58,382.26,1257,47.86
59.8556,318.45,1636.49,373.8,1687,-4.84
59.9058,318.21,2419.37,368.48,2220,-249.64
59.9559,317.96,2938.34,360.45,2699,-281.84
60.006,317.71,2592.38,348.54,2519,-104.22
60.0562,317.47,2236.47,338.7,2170,-87.7
60.1063,317.22,2124.63,332.25,1991,-148.66
60.1564,316.98,1745.5,328.09,1679,-77.6
60.2066,316.73,1243.98,325.25,1244,-8.51
60.2567,316.49,910.25,323.25,933,15.99
60.3069,316.24,719.05,321.77,740,15.43
60.357,315.99,606.27,320.62,596,-14.91
60.4071,315.75,535.96,319.71,523,-16.92
60.4573,315.5,489.93,318.95,517,23.62
60.5074,315.25,456.92,318.3,440,-19.97
60.5575,315.01,431.27,317.74,452,18.01
60.6077,314.76,411.85,317.24,432,17.67
60.6578,314.52,397.24,316.79,459,59.49
60.708,314.27,386.22,316.37,395,6.69
60.7581,314.02,378.39,315.97,363,-17.35
60.8082,313.78,374.03,315.62,361,-14.86
60.8584,313.53,369.06,315.27,381,10.2
60.9085,313.28,362.19,314.94,361,-2.85
60.9586,313.04,358.19,314.63,384,24.22
61.0088,312.79,353.33,314.33,367,12.13
61.0589,312.54,347.88,314.04,380,30.61
61.109,312.3,343.9,313.78,355,9.62
61.1592,312.05,340.83,313.51,354,11.7
61.2093,311.81,338.3,313.27,317,-22.75
61.2595,311.56,336.11,313.03,352,14.42
61.3096,311.32,334.2,312.81,316,-19.68
61.3597,311.07,332.49,312.61,351,16.98
61.4099,310.83,330.96,312.43,343,10.44
61.46,310.58,329.58,312.28,359,27.72
61.5101,310.34,328.32,312.18,368,37.84
61.5603,310.09,327.17,312.12,316,-13.2
61.6104,309.84,326.11,312.14,365,36.59
61.6606,309.6,325.14,312.3,313,-14.84
61.7107,309.36,324.25,312.71,334,6.41
61.7608,309.11,323.41,313.52,328,0.18
61.811,308.87,322.64,314.83,349,20.41
61.8611,308.63,321.92,315.84,319,-10.13
61.9112,308.38,321.24,315.43,295,-33.29
61.9614,308.14,320.61,314.45,315,-11.92
62.0115,307.9,320.02,313.81,328,2.07
62.0617,307.65,319.47,312.98,315,-9.8
62.1118,307.41,318.95,311.76,342,18.7
62.1619,307.17,318.47,310.67,325,3.03
62.2121,306.93,318.02,309.9,322,1.01
62.2622,306.68,317.59,309.37,297,-23.28
62.3123,306.45,317.2,309,318,-1.75
62.3625,306.2,316.83,308.71,331,11.66
62.4126,305.96,316.49,308.49,302,-17.03
62.4627,305.72,316.19,308.34,325,6.19
62.5129,305.48,315.91,308.23,333,14.34
62.563,305.24,315.65,308.18,304,-14.6
62.6132,305.01,315.44,308.2,315,-3.63
62.6633,304.77,315.25,308.29,320,1.23
62.7134,304.53,315.1,308.45,350,30.98
62.7636,304.29,314.98,308.69,346,26.62
62.8137,304.05,314.9,309.08,301,-18.93
62.8639,303.82,314.88,309.67,335,14.27
62.914,303.58,314.9,310.52,308,-13.84
62.9641,303.35,314.99,311.75,318,-5.38
63.0143,303.11,315.13,313.46,314,-11.49
63.0644,302.88,315.37,315.85,329,0.66
63.1145,302.64,315.7,319.27,340,7.67
63.1647,302.41,316.15,324.56,319,-19.3
63.2148,302.18,316.75,333.33,361,13.1
63.2649,301.94,317.52,347.82,339,-24.4
63.3151,301.71,318.54,367.57,342,-42.4
63.3652,301.48,319.85,380.37,379,-19.74
63.4154,301.25,321.57,374.83,363,-32.15
63.4655,301.02,323.84,365.02,422,34.17
63.5156,300.79,326.86,359.87,415,29.06
63.5658,300.56,330.94,351.49,418,36.12
63.6159,300.33,336.52,338.12,346,-28.31
63.666,300.1,344.14,326.66,368,-2.7
63.7162,299.88,354.41,319.13,350,-23.65
63.7663,299.65,368.32,314.42,383,-0.09
63.8165,299.42,388.87,311.44,419,18.1
63.8666,299.2,423.46,309.56,457,23.18
63.9167,298.97,486.41,308.39,509,13.16
63.9669,298.75,596.55,307.79,619,13.4
64.017,298.53,722.4,307.68,744,12.45
64.0671,298.31,724.63,308.04,703,-31.35
64.1173,298.09,642.59,308.95,648,-5.44
64.1674,297.87,609.62,310.68,631,8.57
64.2175,297.65,592.8,313.85,562,-47
64.2677,297.43,521.72,319.46,485,-58.74
64.3178,297.21,444.85,328.17,474,-1.81
64.368,296.99,395.83,336.67,375,-60.51
64.4181,296.77,367.3,337.16,403,-4.69
64.4682,296.56,350.02,332.03,366,-19.49
64.5184,296.34,338.91,328.82,339,-32.39
64.5685,296.13,331.37,326.32,341,-20.56
64.6186,295.92,326.03,320.95,332,-19.06
64.6688,295.71,322.12,315.13,349,7.46
64.7189,295.5,319.18,311.33,343,8
64.7691,295.29,316.91,309.55,325,-6.17
64.8192,295.08,315.16,309.53,365,35.39
64.8693,294.87,313.78,311.41,372,41.68
64.9195,294.66,312.71,315.73,344,10.21
64.9696,294.46,311.91,322.09,336,-3.53
65.0197,294.25,311.31,325.83,343,0.12
65.0699,294.05,310.92,323.13,334,-6
65.12,293.84,310.72,319.13,308,-28.02
65.1702,293.64,310.75,317.03,366,31.85
65.2203,293.44,311.04,314.03,334,2.37
65.2704,293.24,311.66,309.07,344,16.51
65.3206,293.04,312.76,304.6,352,27.68
65.3707,292.85,314.64,301.55,322,-1.34
65.4208,292.65,317.57,299.58,355,30.5
65.471,292.46,320.53,298.28,366,39.65
65.5211,292.26,323.59,297.41,384,55.26
65.5713,292.07,329.17,296.85,385,51.05
65.6214,291.88,340.71,296.51,386,40.66
65.6715,291.69,366.37,296.38,427,55.94
65.7217,291.5,423.86,296.46,386,-42.82
65.7718,291.31,487.34,296.85,459,-33.89
65.8219,291.12,445.81,297.75,394,-58.44
65.8721,290.94,402.41,299.49,401,-9.96
65.9222,290.76,407.97,302.25,411,-8.45
65.9723,290.57,410.69,304.83,458,33.05
66.0225,290.39,371.11,304.71,368,-17.43
66.0726,290.21,342.72,302.79,395,39.69
66.1228,290.03,329.5,301.55,333,-8.02
66.1729,289.86,323.11,300.63,339,5.12
66.223,289.68,319.81,298.73,340,11.14
66.2732,289.51,318.12,296.51,348,22.88
66.3233,289.33,317.35,294.85,370,47.13
66.3734,289.16,317.2,293.76,356,34.2
66.4236,288.99,317.5,293.05,334,12.44
66.4737,288.82,318.16,292.57,321,-0.92
66.5239,288.66,319.16,292.28,362,39.22
66.574,288.49,320.46,292.1,377,52.93
66.6241,288.33,322.08,292.05,306,-19.8
66.6743,288.17,324.05,292.1,337,9.03
66.7244,288,326.38,292.25,327,-3.63
66.7745,287.85,329.16,292.57,371,37.12
66.8247,287.69,332.44,293.06,348,10.19
66.8748,287.53,336.33,293.77,382,39.43
66.925,287.38,340.97,294.8,389,40.61
66.9751,287.22,346.53,296.21,388,32.48
67.0252,287.07,353.26,298.16,347,-17.35
67.0754,286.92,361.49,300.94,358,-17.51
67.1255,286.78,371.71,305.23,417,26.84
67.1756,286.63,384.58,312.28,425,14.77
67.2258,286.48,401.06,323.85,474,35.57
67.2759,286.34,422.48,340.11,469,-7.26
67.3261,286.2,450.53,352.6,480,-36.94
67.3762,286.06,487.06,349.86,523,-27.87
67.4263,285.92,534.34,340.66,570,-19.08
67.4765,285.79,598.21,335.87,637,-11.28
67.5266,285.65,694.46,331.66,736,-4.48
67.5767,285.52,856.04,322.09,909,16.39
67.6269,285.39,1141.49,311.31,1099,-68.41
67.677,285.26,1607.48,303.39,1473,-152.61
67.7272,285.14,2049.12,298.26,1666,-396.23
67.7773,285.01,1986.39,294.92,1734,-262.3
67.8274,284.89,1723.35,292.67,1658,-73.12
67.8776,284.77,1680.71,291.1,1594,-93.04
67.9277,284.65,1733.52,289.96,1546,-192.83
67.9778,284.54,1649.42,289.09,1638,-15.96
68.028,284.42,1667.48,288.35,1751,79.59
68.0781,284.31,2140,287.73,2068,-75.42
68.1282,284.19,3026.99,287.22,2475,-555.02
68.1784,284.09,2887.98,286.79,2542,-348.68
68.2285,283.98,2495.35,286.4,2342,-155.77
68.2787,283.87,2983.64,286.04,2242,-743.81
68.3288,283.78,3196.03,285.75,2327,-871
68.3789,283.67,2330.93,285.48,1994,-338.73
68.4291,283.57,1701.86,285.24,1615,-88.54
68.4792,283.48,1588.27,285.04,1315,-274.83
68.5293,283.38,1315.98,284.84,1139,-178.44
68.5795,283.3,911.52,284.68,930,17.11
68.6296,283.2,681.12,284.51,736,53.57
68.6798,283.12,561.09,284.37,646,83.66
68.7299,283.03,491.62,284.23,553,60.18
68.78,282.95,447.25,284.11,499,50.6
68.8302,282.86,416.73,283.98,431,13.14
68.8803,282.79,394.64,283.89,412,16.27
68.9304,282.71,377.97,283.79,377,-2.04
68.9806,282.64,365.01,283.7,358,-8.06
69.0307,282.56,354.67,283.61,356,0.27
69.0809,282.5,346.28,283.55,367,19.67
69.131,282.43,339.34,283.49,360,19.6
69.1811,282.37,333.54,283.44,369,34.39
69.2313,282.3,328.61,283.39,323,-6.7
69.2814,282.24,324.39,283.36,335,9.49
69.3315,282.19,320.75,283.36,340,18.09
69.3817,282.13,317.57,283.35,345,26.2
69.4318,282.08,314.79,283.38,313,-3.09
69.4819,282.03,312.33,283.43,297,-16.73
69.5321,281.98,310.15,283.51,326,14.33
69.5822,281.94,308.21,283.64,313,3.1
69.6324,281.89,306.46,283.81,296,-12.38
69.6825,281.86,304.9,284.09,342,34.87
69.7326,281.82,303.48,284.52,302,-4.18
69.7828,281.78,302.19,285.17,308,2.42
69.8329,281.75,301.03,286.03,339,33.69
69.8831,281.73,299.97,286.79,313,7.97
69.9332,281.7,299,287.13,328,23.58
69.9833,281.67,298.1,287.49,305,1.08
70.0335,281.65,297.28,288.33,308,4.04
70.0836,281.64,296.54,289.73,324,19.37
70.1337,281.62,295.85,291.88,314,7.89
70.1839,281.6,295.2,295.46,323,13.93
70.234,281.6,294.63,300.5,317,3.48
70.2841,281.58,294.07,304.02,330,13.48
70.3343,281.58,293.57,302.73,319,4.29
70.3844,281.58,293.11,299.65,335,23.82
70.4346,281.57,292.67,298.11,327,17.78
70.4847,281.58,292.27,297.1,337,29.2
70.5348,281.59,291.91,294.4,366,61.28
70.585,281.6,291.57,290.95,340,39.08
70.6351,281.61,291.25,288.27,299,1.09
70.6852,281.63,290.97,286.52,330,34.14
70.7354,281.64,290.69,285.39,300,5.56
70.7855,281.67,290.45,284.66,295,1.56
70.8357,281.69,290.22,284.16,303,10.31
70.8858,281.72,290.02,283.81,368,75.89
70.9359,281.75,289.83,283.56,308,16.36
70.9861,281.78,289.66,283.38,306,14.74
71.0362,281.82,289.5,283.26,273,-17.94
71.0863,281.85,289.36,283.17,293,2.33
71.1365,281.89,289.23,283.11,301,10.54
71.1866,281.94,289.13,283.08,278,-12.27
71.2367,282,289.05,283.08,296,5.87
71.2869,282.04,288.96,283.08,287,-3
71.337,282.09,288.89,283.09,293,3.1
71.3872,282.15,288.84,283.12,293,3.18
71.4373,282.21,288.81,283.17,288,-1.77
71.4874,282.26,288.77,283.21,303,13.28
71.5376,282.35,288.79,283.3,274,-15.73
71.5877,282.42,288.79,283.37,317,27.25
71.6378,282.5,288.82,283.47,306,16.21
71.688,282.57,288.85,283.56,282,-7.84
71.7381,282.65,288.9,283.67,281,-8.92
71.7883,282.73,288.96,283.8,300,9.98
71.8384,282.82,289.05,283.94,287,-3.17
71.8885,282.91,289.15,284.1,311,20.66
71.9387,283,289.26,284.27,295,4.47
71.9888,283.1,289.4,284.48,297,6.22
72.0389,283.21,289.57,284.72,325,33.92
72.0891,283.31,289.75,284.98,291,-0.42
72.1392,283.41,289.96,285.29,293,1.17
72.1894,283.52,290.2,285.66,252,-40.33
72.2395,283.64,290.47,286.12,301,8.05
72.2896,283.76,290.79,286.68,297,3.3
72.3398,283.89,291.15,287.37,298,3.37
72.3899,284,291.54,288.21,293,-2.74
72.44,284.14,292.01,289.29,290,-7.16
72.4902,284.26,292.53,290.73,305,6
72.5403,284.4,293.15,292.86,277,-24.6
72.5905,284.53,293.86,296.17,296,-9.5
72.6406,284.69,294.73,301.42,301,-10.46
72.6907,284.82,295.73,308.7,301,-18.61
72.7409,284.99,296.98,314.96,325,-1.95
72.791,285.14,298.49,314.81,306,-22.16
72.8411,285.29,300.38,310.67,320,-5.76
72.8913,285.43,302.79,308.09,322,-3.46
72.9414,285.61,305.99,307.33,352,24.3
72.9916,285.8,310.23,305.01,348,18.57
73.0417,285.95,315.79,300.57,311,-19.41
73.0918,286.15,322.88,296.56,323,-10.29
73.142,286.3,331.26,293.79,346,7.25
73.1921,286.5,341.76,292.1,349,1.65
73.2422,286.68,357.88,291.03,365,2.78
73.2924,286.87,387.32,290.38,423,32.17
73.3425,287.07,446.72,289.98,489,39.36
73.3926,287.27,575.72,289.76,638,59.8
73.4428,287.47,807.17,289.64,718,-91.33
73.4929,287.68,864.52,289.61,742,-124.46
73.5431,287.9,668.69,289.66,671,0.55
73.5932,288.11,572.28,289.74,598,24.1
73.6433,288.32,605.74,289.85,593,-14.27
73.6935,288.55,636.46,290.02,569,-68.92
73.7436,288.79,523.77,290.22,492,-33.2
73.7937,289,422.3,290.42,416,-7.72
73.8439,289.23,370.93,290.67,394,21.63
73.894,289.48,344.69,290.97,316,-30.19
73.9442,289.72,329.88,291.29,344,12.55
73.9943,289.97,320.79,291.67,322,-0.49
74.0444,290.22,314.8,292.09,294,-22.68
74.0946,290.47,310.67,292.59,320,7.22
74.1447,290.73,307.72,293.17,302,-8.15
74.1948,290.98,305.54,293.84,290,-18.4
74.245,291.28,303.96,294.72,310,2.61
74.2951,291.54,302.72,295.83,286,-21.01
74.3453,291.84,301.81,297.48,288,-19.45
74.3954,292.1,301.08,299.91,308,-0.89
74.4455,292.38,300.53,303.53,318,6.31
74.4957,292.66,300.12,307.75,300,-15.21
74.5458,292.97,299.83,309.88,301,-15.75
74.5959,293.26,299.61,308.52,293,-21.87
74.6461,293.55,299.46,306.59,302,-10.5
74.6962,293.85,299.37,305.98,334,22.49
74.7464,294.16,299.34,305.75,338,27.07
74.7965,294.48,299.36,304.27,293,-16.15
74.8466,294.81,299.42,302.07,308,1.31
74.8968,295.14,299.51,300.33,319,14.3
74.9469,295.45,299.61,299.24,351,47.6
74.997,295.8,299.76,298.68,282,-20.64
75.0472,296.13,299.91,298.39,340,37.82