Angle,Observed,Calculated,Background,Dolomite_nb,Quartz_nb,Dolomite,Quartz
4.0028,2024,2153.28,2152.49,0.01,0.78,2152.5,2153.27
4.053,2018,2089.58,2088.79,0.01,0.78,2088.8,2089.57
4.1031,2153,2038.38,2037.58,0.01,0.79,2037.59,2038.37
4.1533,2001,1997.27,1996.46,0.01,0.79,1996.47,1997.25
4.2034,1968,1964.28,1963.47,0.01,0.8,1963.48,1964.27
4.2535,1999,1937.72,1936.91,0.01,0.8,1936.92,1937.71
4.3037,2020,1916.22,1915.4,0.01,0.81,1915.41,1916.21
4.3538,1936,1898.62,1897.8,0.01,0.81,1897.81,1898.61
4.4039,1892,1883.97,1883.15,0.01,0.82,1883.16,1883.97
4.4541,1907,1871.51,1870.67,0.01,0.82,1870.68,1871.49
4.5042,1932,1860.58,1859.74,0.01,0.83,1859.75,1860.57
4.5544,1778,1850.68,1849.84,0.01,0.83,1849.85,1850.67
4.6045,1822,1841.4,1840.56,0.01,0.84,1840.57,1841.4
4.6546,1859,1832.42,1831.57,0.01,0.84,1831.58,1832.41
4.7048,1840,1823.49,1822.64,0.01,0.85,1822.65,1823.49
4.7549,1923,1814.42,1813.56,0.01,0.85,1813.57,1814.41
4.805,1790,1805.07,1804.21,0.01,0.86,1804.22,1805.07
4.8552,1758,1795.35,1794.47,0.01,0.86,1794.48,1795.33
4.9053,1733,1785.18,1784.3,0.01,0.87,1784.31,1785.17
4.9554,1755,1774.53,1773.64,0.01,0.87,1773.65,1774.51
5.0056,1744,1763.38,1762.49,0.01,0.88,1762.5,1763.37
5.0557,1678,1751.75,1750.85,0.01,0.88,1750.86,1751.73
5.1059,1764,1739.64,1738.74,0.01,0.89,1738.75,1739.63
5.156,1710,1727.09,1726.18,0.01,0.89,1726.19,1727.07
5.2061,1720,1714.12,1713.21,0.01,0.9,1713.22,1714.11
5.2563,1676,1700.78,1699.87,0.01,0.9,1699.88,1700.77
5.3064,1646,1687.12,1686.2,0.01,0.91,1686.21,1687.11
5.3565,1562,1673.18,1672.26,0.01,0.91,1672.27,1673.17
5.4067,1564,1659.02,1658.09,0.01,0.92,1658.1,1659.01
5.4568,1578,1644.67,1643.73,0.01,0.92,1643.74,1644.65
5.507,1587,1630.18,1629.24,0.01,0.93,1629.25,1630.17
5.5571,1630,1615.61,1614.67,0.01,0.93,1614.68,1615.6
5.6072,1565,1601,1600.05,0.01,0.94,1600.06,1600.99
5.6574,1557,1586.38,1585.43,0.01,0.95,1585.44,1586.38
5.7075,1589,1571.81,1570.85,0.01,0.95,1570.86,1571.8
5.7576,1553,1557.31,1556.34,0.01,0.96,1556.35,1557.3
5.8078,1569,1542.92,1541.95,0.01,0.96,1541.96,1542.91
5.8579,1440,1528.67,1527.69,0.01,0.97,1527.7,1528.66
5.9081,1552,1514.59,1513.61,0.01,0.97,1513.62,1514.58
5.9582,1509,1500.71,1499.72,0.01,0.98,1499.73,1500.7
6.0083,1486,1487.04,1486.04,0.01,0.98,1486.05,1487.02
6.0585,1519,1473.61,1472.61,0.01,0.99,1472.62,1473.6
6.1086,1470,1460.43,1459.43,0.01,0.99,1459.44,1460.42
6.1587,1512,1447.53,1446.52,0.01,1,1446.53,1447.52
6.2089,1420,1434.9,1433.89,0.01,1.01,1433.9,1434.9
6.259,1497,1422.57,1421.55,0.01,1.01,1421.56,1422.56
6.3092,1432,1410.54,1409.51,0.01,1.02,1409.52,1410.53
6.3593,1449,1398.82,1397.78,0.01,1.02,1397.79,1398.8
6.4094,1474,1387.41,1386.36,0.01,1.03,1386.37,1387.39
6.4596,1417,1376.31,1375.26,0.01,1.03,1375.27,1376.29
6.5097,1393,1365.52,1364.47,0.01,1.04,1364.48,1365.51
6.5598,1429,1355.05,1353.99,0.01,1.05,1354,1355.04
6.61,1413,1344.9,1343.83,0.01,1.05,1343.84,1344.88
6.6601,1372,1335.05,1333.98,0.01,1.06,1333.99,1335.04
6.7102,1401,1325.51,1324.43,0.01,1.06,1324.44,1325.49
6.7604,1366,1316.27,1315.19,0.01,1.07,1315.2,1316.26
6.8105,1322,1307.33,1306.24,0.01,1.08,1306.25,1307.32
6.8607,1307,1298.68,1297.58,0.01,1.08,1297.59,1298.66
6.9108,1338,1290.31,1289.2,0.01,1.09,1289.21,1290.29
6.9609,1321,1282.21,1281.1,0.01,1.1,1281.11,1282.2
7.0111,1224,1274.38,1273.27,0.01,1.1,1273.28,1274.37
7.0612,1256,1266.81,1265.69,0.01,1.11,1265.7,1266.8
7.1113,1248,1259.49,1258.37,0.01,1.11,1258.38,1259.48
7.1615,1271,1252.42,1251.28,0.01,1.12,1251.29,1252.4
7.2116,1278,1245.57,1244.43,0.01,1.13,1244.44,1245.56
7.2618,1185,1238.95,1237.8,0.01,1.13,1237.81,1238.93
7.3119,1225,1232.53,1231.38,0.01,1.14,1231.39,1232.52
7.362,1274,1226.33,1225.17,0.01,1.15,1225.18,1226.32
7.4122,1219,1220.31,1219.14,0.01,1.15,1219.15,1220.29
7.4623,1231,1214.48,1213.31,0.01,1.16,1213.32,1214.47
7.5124,1173,1208.83,1207.65,0.01,1.17,1207.66,1208.82
7.5626,1158,1203.34,1202.15,0.01,1.17,1202.16,1203.32
7.6127,1188,1198,1196.81,0.01,1.18,1196.82,1197.99
7.6629,1206,1192.82,1191.62,0.01,1.19,1191.63,1192.81
7.713,1209,1187.77,1186.56,0.01,1.2,1186.57,1187.76
7.7631,1158,1182.86,1181.64,0.01,1.2,1181.65,1182.84
7.8133,1216,1178.06,1176.84,0.01,1.21,1176.85,1178.05
7.8634,1214,1173.38,1172.15,0.01,1.22,1172.16,1173.37
7.9135,1207,1168.8,1167.57,0.01,1.22,1167.58,1168.79
7.9637,1107,1164.32,1163.08,0.01,1.23,1163.09,1164.31
8.0138,1150,1159.94,1158.68,0.01,1.24,1158.69,1159.92
8.064,1128,1155.63,1154.37,0.01,1.25,1154.38,1155.62
8.1141,1100,1151.4,1150.13,0.01,1.25,1150.14,1151.38
8.1642,1062,1147.24,1145.97,0.01,1.26,1145.98,1147.23
8.2144,1198,1143.14,1141.86,0.01,1.27,1141.87,1143.13
8.2645,1115,1139.1,1137.81,0.01,1.27,1137.82,1139.08
8.3146,1107,1135.11,1133.82,0.01,1.28,1133.83,1135.1
8.3648,1107,1131.17,1129.86,0.01,1.29,1129.87,1131.15
8.4149,1114,1127.26,1125.95,0.01,1.3,1125.96,1127.25
8.465,1071,1123.39,1122.08,0.01,1.3,1122.09,1123.38
8.5152,1081,1119.55,1118.23,0.01,1.31,1118.24,1119.54
8.5653,1083,1115.74,1114.41,0.01,1.32,1114.42,1115.73
8.6155,1120,1111.95,1110.61,0.01,1.33,1110.62,1111.94
8.6656,1073,1108.17,1106.82,0.01,1.33,1106.83,1108.15
8.7157,1068,1104.41,1103.06,0.01,1.34,1103.07,1104.4
8.7659,1126,1100.66,1099.3,0.01,1.35,1099.31,1100.65
8.816,1078,1096.92,1095.55,0.01,1.36,1095.56,1096.91
8.8661,1105,1093.18,1091.8,0.01,1.37,1091.81,1093.17
8.9163,1110,1089.44,1088.05,0.01,1.37,1088.06,1089.42
8.9664,1108,1085.7,1084.3,0.01,1.38,1084.31,1085.68
9.0166,1077,1081.96,1080.55,0.01,1.39,1080.56,1081.94
9.0667,1062,1078.21,1076.79,0.01,1.4,1076.8,1078.19
9.1168,1045,1074.45,1073.03,0.01,1.41,1073.04,1074.44
9.167,1061,1070.68,1069.25,0.01,1.42,1069.26,1070.67
9.2171,1097,1066.9,1065.46,0.01,1.42,1065.47,1066.88
9.2672,1072,1063.11,1061.66,0.01,1.43,1061.67,1063.09
9.3174,984,1059.31,1057.85,0.01,1.44,1057.86,1059.29
9.3675,1039,1055.49,1054.02,0.01,1.45,1054.03,1055.47
9.4177,1009,1051.65,1050.17,0.01,1.46,1050.18,1051.63
9.4678,978,1047.8,1046.31,0.01,1.47,1046.32,1047.78
9.5179,1041,1043.92,1042.43,0.02,1.48,1042.45,1043.91
9.5681,987,1040.04,1038.53,0.02,1.49,1038.55,1040.02
9.6182,1043,1036.13,1034.62,0.02,1.5,1034.64,1036.12
9.6683,1026,1032.2,1030.68,0.02,1.51,1030.7,1032.19
9.7185,1030,1028.26,1026.73,0.02,1.51,1026.75,1028.24
9.7686,991,1024.29,1022.75,0.02,1.52,1022.77,1024.27
9.8188,1000,1020.31,1018.76,0.02,1.53,1018.78,1020.29
9.8689,999,1016.31,1014.75,0.02,1.54,1014.77,1016.29
9.919,997,1012.29,1010.72,0.02,1.55,1010.74,1012.27
9.9692,1012,1008.25,1006.67,0.02,1.56,1006.69,1008.23
10.0193,1033,1004.2,1002.61,0.02,1.57,1002.63,1004.18
10.0694,958,1000.13,998.53,0.02,1.58,998.55,1000.11
10.1196,984,996.04,994.43,0.02,1.59,994.45,996.02
10.1697,948,991.93,990.31,0.02,1.6,990.33,991.91
10.2198,984,987.81,986.18,0.02,1.61,986.2,987.79
10.27,996,983.68,982.04,0.02,1.63,982.06,983.67
10.3201,1066,979.53,977.88,0.02,1.64,977.9,979.52
10.3703,951,975.37,973.71,0.02,1.65,973.73,975.36
10.4204,1011,971.2,969.53,0.02,1.66,969.55,971.19
10.4705,958,967.02,965.34,0.02,1.67,965.36,967.01
10.5207,964,962.83,961.13,0.02,1.68,961.15,962.81
10.5708,963,958.63,956.92,0.02,1.69,956.94,958.61
10.6209,1012,954.42,952.7,0.02,1.7,952.72,954.4
10.6711,934,950.2,948.47,0.02,1.71,948.49,950.18
10.7212,943,945.98,944.24,0.02,1.73,944.26,945.97
10.7714,931,941.76,940,0.02,1.74,940.02,941.74
10.8215,973,937.53,935.76,0.02,1.75,935.78,937.51
10.8716,892,933.3,931.52,0.02,1.76,931.54,933.28
10.9218,958,929.07,927.27,0.02,1.77,927.29,929.04
10.9719,920,924.83,923.03,0.02,1.79,923.05,924.82
11.022,923,920.6,918.79,0.02,1.8,918.81,920.59
11.0722,942,916.38,914.55,0.02,1.81,914.57,916.36
11.1223,883,912.15,910.31,0.02,1.82,910.33,912.13
11.1725,915,907.93,906.08,0.02,1.84,906.1,907.92
11.2226,945,903.72,901.85,0.02,1.85,901.87,903.7
11.2727,894,899.51,897.63,0.02,1.86,897.65,899.49
11.3229,849,895.32,893.42,0.02,1.88,893.44,895.3
11.373,970,891.13,889.22,0.02,1.89,889.24,891.11
11.4231,868,886.95,885.03,0.02,1.9,885.05,886.93
11.4733,936,882.78,880.85,0.02,1.92,880.87,882.77
11.5234,895,878.63,876.68,0.02,1.93,876.7,878.61
11.5736,894,874.49,872.53,0.02,1.95,872.55,874.48
11.6237,898,870.37,868.39,0.02,1.96,868.41,870.35
11.6738,884,866.26,864.27,0.02,1.98,864.29,866.25
11.724,880,862.17,860.17,0.02,1.99,860.19,862.16
11.7741,882,858.1,856.08,0.02,2.01,856.1,858.09
11.8242,862,854.05,852.01,0.02,2.02,852.03,854.03
11.8744,830,850.02,847.97,0.02,2.04,847.99,850.01
11.9245,828,846.01,843.94,0.02,2.05,843.96,845.99
11.9746,900,842.02,839.94,0.02,2.07,839.96,842.01
12.0248,890,838.06,835.96,0.02,2.08,835.98,838.04
12.0749,867,834.12,832,0.02,2.1,832.02,834.1
12.1251,832,830.21,828.07,0.02,2.11,828.09,830.18
12.1752,892,826.32,824.17,0.02,2.13,824.19,826.3
12.2253,815,822.46,820.29,0.02,2.15,820.31,822.44
12.2755,807,818.62,816.44,0.02,2.17,816.46,818.61
12.3256,857,814.82,812.62,0.02,2.18,812.64,814.8
12.3757,793,811.05,808.83,0.02,2.2,808.85,811.03
12.4259,844,807.3,805.06,0.02,2.22,805.08,807.28
12.476,801,803.59,801.33,0.02,2.24,801.35,803.57
12.5262,837,799.9,797.63,0.02,2.25,797.65,799.88
12.5763,812,796.26,793.96,0.02,2.27,793.98,796.23
12.6264,868,792.64,790.33,0.02,2.29,790.35,792.62
12.6766,788,789.06,786.73,0.02,2.31,786.75,789.04
12.7267,807,785.51,783.16,0.02,2.33,783.18,785.49
12.7768,777,781.99,779.63,0.02,2.35,779.65,781.98
12.827,812,778.52,776.13,0.02,2.37,776.15,778.5
12.8771,776,775.07,772.67,0.02,2.39,772.69,775.06
12.9273,784,771.67,769.24,0.02,2.41,769.26,771.65
12.9774,815,768.3,765.85,0.02,2.43,765.87,768.28
13.0275,768,764.97,762.5,0.02,2.45,762.52,764.95
13.0777,744,761.68,759.18,0.02,2.47,759.2,761.65
13.1278,777,758.42,755.91,0.02,2.49,755.93,758.4
13.1779,751,755.21,752.67,0.02,2.51,752.69,755.18
13.2281,742,752.03,749.47,0.02,2.53,749.49,752
13.2782,806,748.89,746.31,0.02,2.56,746.33,748.87
13.3284,764,745.8,743.19,0.02,2.58,743.21,745.77
13.3785,729,742.74,740.11,0.02,2.6,740.13,742.71
13.4286,801,739.72,737.07,0.02,2.63,737.09,739.7
13.4788,733,736.75,734.07,0.02,2.65,734.09,736.72
13.5289,742,733.81,731.12,0.02,2.67,731.14,733.79
13.579,732,730.92,728.2,0.02,2.7,728.22,730.9
13.6292,686,728.07,725.32,0.02,2.72,725.34,728.04
13.6793,744,725.26,722.49,0.02,2.75,722.51,725.24
13.7294,664,722.49,719.69,0.02,2.77,719.71,722.46
13.7796,730,719.76,716.94,0.02,2.8,716.96,719.74
13.8297,705,717.08,714.23,0.02,2.83,714.25,717.06
13.8799,742,714.43,711.56,0.02,2.85,711.58,714.41
13.93,708,711.83,708.93,0.02,2.88,708.95,711.81
13.9801,740,709.28,706.34,0.02,2.91,706.36,709.25
14.0303,710,706.76,703.8,0.02,2.94,703.82,706.74
14.0804,704,704.29,701.3,0.02,2.97,701.32,704.27
14.1305,715,701.86,698.84,0.02,3,698.86,701.84
14.1807,708,699.47,696.42,0.02,3.02,696.44,699.44
14.2308,645,697.12,694.04,0.02,3.06,694.06,697.1
14.281,707,694.82,691.71,0.02,3.09,691.73,694.8
14.3311,689,692.56,689.42,0.03,3.12,689.45,692.54
14.3812,663,690.34,687.17,0.03,3.15,687.2,690.32
14.4314,709,688.16,684.96,0.03,3.18,684.99,688.14
14.4815,678,686.03,682.79,0.03,3.21,682.82,686
14.5316,684,683.93,680.66,0.03,3.25,680.69,683.91
14.5818,715,681.88,678.57,0.03,3.28,678.6,681.85
14.6319,710,679.87,676.53,0.03,3.32,676.56,679.85
14.6821,649,677.91,674.53,0.03,3.35,674.56,677.88
14.7322,685,675.98,672.56,0.03,3.39,672.59,675.95
14.7823,716,674.09,670.64,0.03,3.43,670.67,674.07
14.8325,667,672.25,668.76,0.03,3.46,668.79,672.22
14.8826,657,670.44,666.92,0.03,3.5,666.95,670.42
14.9327,675,668.68,665.11,0.03,3.54,665.14,668.65
14.9829,705,666.96,663.35,0.03,3.58,663.38,666.93
15.033,645,665.28,661.63,0.03,3.62,661.66,665.25
15.0832,651,663.63,659.94,0.03,3.66,659.97,663.6
15.1333,688,662.03,658.3,0.03,3.7,658.33,662
15.1834,660,660.47,656.69,0.03,3.75,656.72,660.44
15.2336,708,658.94,655.12,0.03,3.79,655.15,658.91
15.2837,689,657.45,653.59,0.03,3.84,653.62,657.43
15.3338,663,656.01,652.1,0.03,3.88,652.13,655.98
15.384,627,654.6,650.64,0.03,3.93,650.67,654.57
15.4341,593,653.23,649.22,0.03,3.98,649.25,653.2
15.4842,641,651.89,647.84,0.03,4.02,647.87,651.86
15.5344,639,650.6,646.49,0.03,4.07,646.52,650.56
15.5845,618,649.34,645.18,0.03,4.12,645.21,649.3
15.6347,631,648.12,643.91,0.03,4.18,643.94,648.09
15.6848,654,646.93,642.67,0.03,4.23,642.7,646.9
15.7349,612,645.78,641.46,0.04,4.28,641.5,645.74
15.7851,630,644.67,640.29,0.04,4.34,640.33,644.63
15.8352,624,643.59,639.16,0.04,4.4,639.2,643.56
15.8853,673,642.55,638.06,0.04,4.46,638.1,642.52
15.9355,636,641.54,636.99,0.04,4.52,637.03,641.51
15.9856,660,640.57,635.95,0.04,4.58,635.99,640.53
16.0358,603,639.63,634.95,0.05,4.64,635,639.59
16.0859,572,638.73,633.98,0.05,4.7,634.03,638.68
16.136,595,637.86,633.04,0.05,4.77,633.09,637.81
16.1862,629,637.03,632.13,0.06,4.84,632.19,636.97
16.2363,642,636.23,631.25,0.07,4.91,631.32,636.16
16.2864,597,635.47,630.41,0.08,4.98,630.49,635.39
16.3366,623,634.74,629.59,0.1,5.05,629.69,634.64
16.3867,638,634.07,628.8,0.13,5.13,628.93,633.93
16.4369,579,633.45,628.05,0.2,5.2,628.25,633.25
16.487,670,632.92,627.32,0.32,5.28,627.64,632.6
16.5371,597,632.54,626.62,0.56,5.36,627.18,631.98
16.5873,619,632.19,625.95,0.8,5.45,626.75,631.4
16.6374,576,631.54,625.3,0.71,5.54,626.01,630.84
16.6875,607,630.73,624.69,0.42,5.62,625.11,630.31
16.7377,670,630.05,624.1,0.24,5.72,624.34,629.82
16.7878,638,629.5,623.53,0.16,5.81,623.69,629.34
16.838,643,629.01,622.99,0.11,5.91,623.1,628.9
16.8881,583,628.58,622.48,0.09,6.01,622.57,628.49
16.9382,608,628.18,621.99,0.07,6.11,622.06,628.1
16.9884,677,627.81,621.53,0.07,6.22,621.6,627.75
17.0385,604,627.48,621.09,0.06,6.33,621.15,627.42
17.0886,613,627.17,620.67,0.05,6.44,620.72,627.11
17.1388,584,626.89,620.28,0.05,6.56,620.33,626.84
17.1889,599,626.64,619.91,0.05,6.68,619.96,626.59
17.239,617,626.42,619.56,0.05,6.81,619.61,626.37
17.2892,653,626.22,619.24,0.05,6.94,619.29,626.18
17.3393,582,626.05,618.93,0.05,7.07,618.98,626
17.3895,585,625.91,618.65,0.04,7.21,618.69,625.86
17.4396,607,625.79,618.39,0.04,7.36,618.43,625.75
17.4897,630,625.7,618.15,0.04,7.51,618.19,625.66
17.5399,591,625.64,617.92,0.04,7.67,617.96,625.59
17.59,602,625.59,617.72,0.04,7.83,617.76,625.55
17.6401,599,625.58,617.54,0.04,8,617.58,625.54
17.6903,629,625.59,617.37,0.04,8.18,617.41,625.55
17.7404,595,625.63,617.22,0.04,8.36,617.26,625.58
17.7906,576,625.69,617.09,0.04,8.56,617.13,625.65
17.8407,597,625.78,616.98,0.04,8.76,617.02,625.74
17.8908,573,625.89,616.88,0.04,8.97,616.92,625.85
17.941,598,626.04,616.8,0.04,9.19,616.84,625.99
17.9911,588,626.2,616.74,0.04,9.42,616.78,626.16
18.0412,584,626.4,616.69,0.04,9.66,616.73,626.35
18.0914,585,626.62,616.66,0.04,9.91,616.7,626.57
18.1415,570,626.86,616.64,0.04,10.18,616.68,626.82
18.1917,612,627.14,616.64,0.05,10.46,616.69,627.1
18.2418,603,627.44,616.65,0.05,10.75,616.7,627.4
18.2919,581,627.78,616.67,0.05,11.06,616.72,627.73
18.3421,620,628.14,616.71,0.05,11.39,616.76,628.1
18.3922,668,628.54,616.76,0.05,11.73,616.81,628.49
18.4423,635,628.97,616.82,0.05,12.1,616.87,628.92
18.4925,612,629.43,616.89,0.05,12.49,616.94,629.38
18.5426,532,629.93,616.98,0.05,12.9,617.03,629.88
18.5928,602,630.47,617.08,0.05,13.34,617.13,630.42
18.6429,628,631.13,617.18,0.05,13.9,617.23,631.08
18.693,563,632.64,617.3,0.05,15.29,617.35,632.59
18.7432,590,636.82,617.43,0.05,19.34,617.48,636.77
18.7933,633,647.34,617.57,0.05,29.72,617.62,647.29
18.8434,656,655.47,617.72,0.05,37.7,617.77,655.42
18.8936,742,647.44,617.87,0.05,29.52,617.92,647.39
18.9437,686,642.01,618.04,0.05,23.92,618.09,641.96
18.9938,638,640.05,618.21,0.05,21.79,618.26,640
19.044,662,639.55,618.4,0.05,21.1,618.45,639.5
19.0941,636,639.72,618.58,0.05,21.08,618.63,639.66
19.1443,667,640.26,618.78,0.05,21.43,618.83,640.21
19.1944,736,641.06,618.99,0.06,22.02,619.05,641.01
19.2445,674,642.06,619.2,0.06,22.8,619.26,642
19.2947,705,643.22,619.41,0.06,23.75,619.47,643.16
19.3448,719,644.54,619.64,0.06,24.85,619.7,644.49
19.3949,684,646.02,619.87,0.06,26.1,619.93,645.97
19.4451,700,647.66,620.1,0.06,27.5,620.16,647.6
19.4952,758,649.49,620.34,0.06,29.09,620.4,649.43
19.5454,728,651.53,620.58,0.06,30.88,620.64,651.46
19.5955,762,653.79,620.83,0.06,32.9,620.89,653.73
19.6456,752,656.32,621.08,0.06,35.18,621.14,656.26
19.6958,757,659.16,621.34,0.06,37.75,621.4,659.09
19.7459,761,662.35,621.6,0.07,40.68,621.67,662.28
19.796,794,665.97,621.87,0.07,44.03,621.94,665.9
19.8462,805,670.1,622.13,0.08,47.88,622.21,670.01
19.8963,854,674.84,622.4,0.1,52.34,622.5,674.74
19.9465,860,680.3,622.67,0.09,57.54,622.76,680.21
19.9966,870,686.68,622.95,0.08,63.65,623.03,686.6
20.0467,890,694.22,623.22,0.08,70.91,623.3,694.13
20.0969,930,703.11,623.5,0.08,79.53,623.58,703.03
20.147,894,713.95,623.78,0.08,90.09,623.86,713.87
20.1971,942,727.24,624.06,0.08,103.1,624.14,727.16
20.2473,968,743.8,624.34,0.08,119.38,624.42,743.72
20.2974,900,764.84,624.63,0.08,140.13,624.71,764.76
20.3476,967,792.17,624.91,0.09,167.17,625,792.08
20.3977,968,828.61,625.19,0.09,203.34,625.28,828.53
20.4478,1035,878.81,625.47,0.09,253.25,625.56,878.72
20.498,1095,950.74,625.76,0.09,324.89,625.85,950.65
20.5481,1259,1059.06,626.04,0.09,432.93,626.13,1058.97
20.5982,1458,1233.02,626.32,0.1,606.6,626.42,1232.92
20.6484,1871,1536.36,626.6,0.1,909.66,626.7,1536.26
20.6985,2594,2120.25,626.88,0.1,1493.27,626.98,2120.15
20.7486,4037,3351.21,627.16,0.11,2723.94,627.27,3351.1
20.7988,6593,5930.29,627.43,0.11,5302.74,627.54,5930.17
20.8489,9727,9281.55,627.71,0.12,8653.73,627.83,9281.44
20.8991,8797,8510.27,627.98,0.12,7882.17,628.1,8510.15
20.9492,5241,5184.98,628.25,0.13,4556.6,628.38,5184.85
20.9993,2914,2885.31,628.52,0.14,2256.66,628.66,2885.18
21.0495,1851,1882.41,628.79,0.14,1253.48,628.93,1882.27
21.0996,1461,1416.05,629.05,0.15,786.85,629.2,1415.9
21.1497,1333,1168.47,629.31,0.16,539,629.47,1168.31
21.1999,1104,1022.62,629.57,0.17,392.88,629.74,1022.45
21.25,1072,929.84,629.82,0.19,299.83,630.01,929.65
21.3002,952,867.33,630.07,0.21,237.05,630.28,867.12
21.3503,942,823.29,630.32,0.23,192.75,630.55,823.07
21.4004,903,791.16,630.56,0.25,160.35,630.81,790.91
21.4506,923,767.05,630.8,0.28,135.97,631.08,766.77
21.5007,815,748.67,631.03,0.32,117.32,631.35,748.35
21.5508,777,734.16,631.26,0.38,102.52,631.64,733.78
21.601,766,722.65,631.49,0.45,90.7,631.94,722.19
21.6511,784,713.4,631.71,0.57,81.12,632.28,712.83
21.7013,840,705.93,631.93,0.74,73.26,632.67,705.19
21.7514,735,699.85,632.14,0.96,66.74,633.1,698.88
21.8015,715,694.94,632.35,1.29,61.29,633.64,693.64
21.8517,701,691.16,632.55,1.91,56.69,634.46,689.24
21.9018,738,688.66,632.75,3.12,52.79,635.87,685.54
21.9519,730,687.91,632.94,5.5,49.46,638.44,682.4
22.0021,735,689.07,633.13,9.32,46.61,642.45,679.74
22.0522,799,688.43,633.31,10.96,44.16,644.27,677.47
22.1024,841,683.76,633.49,8.23,42.04,641.72,675.53
22.1525,755,678.57,633.66,4.7,40.21,638.36,673.87
22.2026,709,675.1,633.82,2.64,38.63,636.46,672.45
22.2528,624,672.91,633.98,1.66,37.27,635.64,671.25
22.3029,679,671.37,634.13,1.14,36.09,635.27,670.22
22.353,658,670.2,634.28,0.85,35.08,635.13,669.36
22.4032,682,669.29,634.42,0.67,34.21,635.09,668.63
22.4533,681,668.57,634.55,0.55,33.46,635.1,668.01
22.5034,638,667.99,634.68,0.47,32.84,635.15,667.52
22.5536,687,667.53,634.8,0.42,32.32,635.22,667.12
22.6037,698,667.19,634.91,0.38,31.9,635.29,666.81
22.6539,691,666.93,635.02,0.35,31.56,635.37,666.58
22.704,677,666.76,635.12,0.33,31.31,635.45,666.43
22.7541,660,666.66,635.21,0.31,31.13,635.52,666.34
22.8043,700,666.63,635.3,0.3,31.03,635.6,666.33
22.8544,640,666.66,635.38,0.3,30.99,635.68,666.37
22.9045,636,666.76,635.45,0.3,31.01,635.75,666.46
22.9547,645,666.91,635.52,0.3,31.1,635.82,666.62
23.0048,601,667.12,635.57,0.31,31.24,635.88,666.81
23.055,626,667.38,635.63,0.32,31.44,635.95,667.07
23.1051,675,667.69,635.67,0.33,31.69,636,667.36
23.1552,653,668.06,635.71,0.35,32.01,636.06,667.72
23.2054,670,668.47,635.73,0.37,32.37,636.1,668.1
23.2555,643,668.94,635.76,0.39,32.79,636.15,668.55
23.3056,624,669.46,635.77,0.42,33.27,636.19,669.04
23.3558,616,670.04,635.78,0.46,33.79,636.24,669.57
23.4059,636,670.67,635.78,0.52,34.38,636.3,670.16
23.4561,615,671.37,635.77,0.58,35.02,636.35,670.79
23.5062,681,672.13,635.75,0.66,35.72,636.41,671.47
23.5563,673,672.97,635.73,0.77,36.47,636.5,672.2
23.6065,596,673.9,635.7,0.92,37.29,636.62,672.99
23.6566,596,674.94,635.66,1.11,38.17,636.77,673.83
23.7067,612,676.12,635.61,1.4,39.11,637.01,674.72
23.7569,662,677.49,635.55,1.82,40.11,637.37,675.66
23.807,663,679.35,635.49,2.49,41.37,637.98,676.86
23.8572,644,683.59,635.42,3.63,44.54,639.05,679.96
23.9073,592,694.16,635.34,5.72,53.1,641.06,688.44
23.9574,724,723.53,635.26,9.75,78.52,645.01,713.78
24.0076,800,794.44,635.16,17.44,141.84,652.6,777
24.0577,750,828.33,635.06,26.14,167.13,661.2,802.19
24.1078,729,775.88,634.95,24.79,116.15,659.74,751.1
24.158,667,737.97,634.83,16.5,86.63,651.33,721.46
24.2081,655,717.91,634.71,9.11,74.09,643.82,708.8
24.2582,648,708.35,634.57,5.27,68.51,639.84,703.08
24.3084,639,703.9,634.43,3.37,66.1,637.8,700.53
24.3585,623,702.01,634.28,2.34,65.39,636.62,699.67
24.4087,608,701.56,634.12,1.73,65.71,635.85,699.83
24.4588,601,702.03,633.96,1.34,66.74,635.3,700.7
24.5089,630,703.15,633.79,1.07,68.29,634.86,702.08
24.5591,590,704.76,633.6,0.89,70.27,634.49,703.87
24.6092,637,706.81,633.42,0.75,72.65,634.17,706.07
24.6593,594,709.26,633.22,0.65,75.39,633.87,708.61
24.7095,614,712.08,633.01,0.57,78.49,633.58,711.5
24.7596,649,715.27,632.8,0.51,81.96,633.31,714.76
24.8098,590,718.84,632.58,0.46,85.8,633.04,718.38
24.8599,627,722.82,632.35,0.42,90.05,632.77,722.4
24.91,661,727.24,632.12,0.39,94.73,632.51,726.85
24.9602,628,732.13,631.87,0.36,99.89,632.23,731.76
25.0103,668,737.54,631.62,0.34,105.58,631.96,737.2
25.0604,627,743.54,631.36,0.32,111.86,631.68,743.22
25.1106,663,750.19,631.09,0.31,118.79,631.4,749.88
25.1607,679,757.57,630.82,0.29,126.46,631.11,757.28
25.2109,688,765.79,630.54,0.28,134.98,630.82,765.52
25.261,718,774.97,630.24,0.27,144.45,630.51,774.69
25.3111,721,785.25,629.95,0.26,155.03,630.21,784.98
25.3613,761,796.79,629.64,0.26,166.89,629.9,796.53
25.4114,763,809.7,629.33,0.25,180.12,629.58,809.45
25.4615,777,824.44,629.01,0.25,195.19,629.26,824.2
25.5117,844,841.21,628.68,0.24,212.29,628.92,840.97
25.5618,831,860.4,628.34,0.24,231.82,628.58,860.16
25.612,878,882.49,628,0.24,254.25,628.24,882.25
25.6621,1081,908.07,627.65,0.23,280.19,627.88,907.84
25.7122,1327,937.91,627.29,0.23,310.38,627.52,937.67
25.7624,1407,972.99,626.92,0.23,345.83,627.15,972.75
25.8125,1390,1014.6,626.55,0.23,387.82,626.78,1014.37
25.8626,1340,1064.46,626.17,0.23,438.06,626.4,1064.23
25.9128,1410,1124.87,625.78,0.23,498.85,626.01,1124.63
25.9629,1407,1199.01,625.39,0.23,573.39,625.62,1198.78
26.013,1495,1291.35,624.99,0.23,666.13,625.22,1291.12
26.0632,1546,1408.36,624.58,0.23,783.55,624.81,1408.13
26.1133,1661,1559.63,624.16,0.23,935.23,624.39,1559.39
26.1635,1833,1759.94,623.74,0.24,1135.96,623.98,1759.7
26.2136,1963,2032.96,623.31,0.24,1409.41,623.55,2032.72
26.2637,2300,2414.6,622.88,0.24,1791.48,623.12,2414.36
26.3139,2700,2981.92,622.43,0.24,2359.25,622.67,2981.68
26.364,3568,3867.85,621.98,0.24,3245.62,622.22,3867.6
26.4141,5107,5352.77,621.53,0.25,4731,621.78,5352.53
26.4643,7782,8048.86,621.06,0.25,7427.54,621.31,8048.6
26.5144,13345,13327.35,620.59,0.25,12706.51,620.84,13327.1
26.5646,25528,24603.17,620.11,0.26,23982.79,620.37,24602.9
26.6147,45966,45061.14,619.63,0.26,44441.25,619.89,45060.88
26.6648,54869,51364.78,619.14,0.26,50745.38,619.4,51364.52
26.715,39820,38540.93,618.64,0.27,37922.01,618.91,38540.65
26.7651,21282,21255.89,618.14,0.27,20637.48,618.41,21255.62
26.8152,10400,11316.64,617.63,0.28,10698.73,617.91,11316.36
26.8654,5932,6889.8,617.12,0.28,6272.4,617.4,6889.52
26.9155,3958,4701.96,616.59,0.29,4085.07,616.88,4701.66
26.9657,2819,3481.67,616.07,0.29,2865.31,616.36,3481.38
27.0158,2305,2735.21,615.53,0.3,2119.38,615.83,2734.91
27.0659,1920,2246.1,614.99,0.31,1630.81,615.3,2245.8
27.1161,1729,1908.42,614.45,0.31,1293.66,614.76,1908.11
27.1662,1595,1666.64,613.89,0.32,1052.43,614.21,1666.32
27.2163,1410,1485.78,613.34,0.33,872.12,613.67,1485.46
27.2665,1401,1347.64,612.77,0.33,734.53,613.1,1347.3
27.3166,1214,1239.71,612.2,0.34,627.17,612.54,1239.37
27.3668,1211,1153.76,611.63,0.35,541.78,611.98,1153.41
27.4169,1142,1084.16,611.05,0.36,472.76,611.41,1083.81
27.467,1129,1026.99,610.46,0.37,416.16,610.83,1026.62
27.5172,1077,979.44,609.87,0.38,369.19,610.25,979.06
27.5673,1035,939.43,609.27,0.39,329.77,609.66,939.04
27.6174,1006,905.43,608.67,0.4,296.36,609.07,905.03
27.6676,972,876.29,608.06,0.41,267.81,608.47,875.87
27.7177,931,851.11,607.45,0.45,243.22,607.9,850.67
27.7678,911,829.23,606.83,0.52,221.88,607.35,828.71
27.818,882,810.17,606.21,0.72,203.25,606.93,809.46
27.8681,851,793.66,605.58,1.2,186.88,606.78,792.46
27.9183,879,779.06,604.94,1.68,172.43,606.62,777.37
27.9684,833,765.31,604.3,1.4,159.61,605.7,763.91
28.0185,858,752.86,603.66,1.02,148.18,604.68,751.84
28.0687,837,741.85,603.01,0.83,138,603.84,741.01
28.1188,804,731.9,602.36,0.74,128.8,603.1,731.16
28.1689,845,722.89,601.7,0.69,120.5,602.39,722.2
28.2191,805,714.69,601.04,0.67,112.98,601.71,714.02
28.2692,794,707.19,600.37,0.66,106.16,601.03,706.53
28.3194,793,700.31,599.7,0.66,99.95,600.36,699.65
28.3695,748,693.97,599.02,0.67,94.28,599.69,693.3
28.4196,793,688.1,598.34,0.68,89.08,599.02,687.42
28.4698,791,682.66,597.66,0.69,84.31,598.35,681.97
28.5199,752,677.61,596.97,0.71,79.93,597.68,676.9
28.57,801,672.89,596.27,0.73,75.88,597,672.15
28.6202,788,668.48,595.58,0.76,72.15,596.34,667.73
28.6703,801,664.34,594.87,0.78,68.69,595.65,663.56
28.7205,822,660.46,594.17,0.81,65.48,594.98,659.65
28.7706,799,656.8,593.46,0.84,62.5,594.3,655.96
28.8207,742,653.35,592.75,0.88,59.73,593.63,652.48
28.8709,773,650.09,592.03,0.91,57.14,592.94,649.17
28.921,800,647,591.31,0.95,54.73,592.26,646.04
28.9711,806,644.07,590.58,1,52.49,591.58,643.07
29.0213,829,641.28,589.86,1.05,50.38,590.91,640.24
29.0714,824,638.63,589.12,1.1,48.41,590.22,637.53
29.1216,820,636.1,588.39,1.15,46.55,589.54,634.94
29.1717,789,633.68,587.65,1.21,44.81,588.86,632.46
29.2218,716,631.37,586.91,1.28,43.18,588.19,630.09
29.272,775,629.16,586.16,1.35,41.64,587.51,627.8
29.3221,714,627.04,585.41,1.43,40.19,586.84,625.6
29.3722,687,625.01,584.66,1.52,38.83,586.18,623.49
29.4224,661,623.06,583.91,1.61,37.54,585.52,621.45
29.4725,661,621.2,583.15,1.72,36.33,584.87,619.48
29.5226,714,619.4,582.39,1.83,35.18,584.22,617.57
29.5728,663,617.68,581.63,1.96,34.09,583.59,615.72
29.6229,636,616.03,580.86,2.11,33.06,582.97,613.92
29.6731,626,614.45,580.09,2.27,32.09,582.36,612.18
29.7232,595,612.94,579.32,2.45,31.17,581.77,610.49
29.7733,653,611.49,578.54,2.65,30.29,581.19,608.83
29.8235,683,610.11,577.77,2.88,29.46,580.65,607.23
29.8736,646,608.8,576.99,3.14,28.67,580.13,605.66
29.9237,693,607.56,576.21,3.44,27.91,579.65,604.12
29.9739,654,606.4,575.42,3.79,27.19,579.21,602.61
30.024,612,605.33,574.63,4.19,26.5,578.82,601.13
30.0742,622,604.34,573.85,4.67,25.83,578.52,599.68
30.1243,651,603.47,573.05,5.23,25.19,578.28,598.24
30.1744,636,602.73,572.26,5.91,24.56,578.17,596.82
30.2246,602,602.16,571.47,6.74,23.95,578.21,595.42
30.2747,650,601.74,570.67,7.72,23.34,578.39,594.01
30.3248,635,601.54,569.87,8.92,22.75,578.79,592.62
30.375,599,601.69,569.07,10.44,22.19,579.51,591.26
30.4251,607,602.31,568.26,12.4,21.65,580.66,589.91
30.4753,613,603.58,567.46,14.99,21.14,582.45,588.6
30.5254,589,605.78,566.65,18.48,20.64,585.13,587.29
30.5755,612,609.39,565.84,23.38,20.17,589.22,586.01
30.6257,650,615.24,565.03,30.5,19.71,595.53,584.74
30.6758,682,624.9,564.22,41.4,19.27,605.62,583.49
30.7259,615,641.33,563.41,59.07,18.86,622.48,582.27
30.7761,680,670.42,562.59,89.37,18.45,651.96,581.04
30.8262,741,724.09,561.78,144.25,18.07,706.03,579.85
30.8764,837,829.9,560.96,251.25,17.7,812.21,578.66
30.9265,1064,1005.56,560.14,428.07,17.34,988.21,577.48
30.9766,1115,1083.19,559.32,506.86,17,1066.18,576.32
31.0268,1000,997.42,558.5,422.25,16.67,980.75,575.17
31.0769,897,852.53,557.68,278.49,16.36,836.17,574.04
31.127,703,729.33,556.85,156.43,16.05,713.28,572.9
31.1772,670,664.24,556.03,92.45,15.76,648.48,571.79
31.2273,639,630.52,555.21,59.84,15.48,615.05,570.69
31.2774,658,611.25,554.38,41.66,15.21,596.04,569.59
31.3276,581,599.13,553.55,30.63,14.95,584.18,568.5
31.3777,579,590.88,552.72,23.45,14.7,576.17,567.42
31.4279,590,584.89,551.9,18.53,14.46,570.43,566.36
31.478,532,580.32,551.07,15.02,14.23,566.09,565.3
31.5281,575,576.67,550.24,12.42,14.01,562.66,564.25
31.5783,544,573.65,549.41,10.45,13.79,559.86,563.2
31.6284,589,571.08,548.58,8.92,13.59,557.5,562.17
31.6785,595,568.85,547.75,7.71,13.39,555.46,561.14
31.7287,543,566.86,546.91,6.74,13.2,553.65,560.11
31.7788,604,565.07,546.08,5.97,13.02,552.05,559.1
31.829,577,563.43,545.25,5.33,12.84,550.58,558.09
31.8791,525,561.86,544.42,4.77,12.68,549.19,557.1
31.9292,548,560.38,543.58,4.28,12.52,547.86,556.1
31.9794,553,558.99,542.75,3.87,12.36,546.62,555.11
32.0295,498,557.66,541.92,3.53,12.22,545.45,554.14
32.0796,552,556.39,541.08,3.23,12.08,544.31,553.16
32.1298,530,555.16,540.25,2.97,11.94,543.22,552.19
32.1799,529,553.98,539.42,2.75,11.81,542.17,551.23
32.2301,551,552.83,538.59,2.55,11.69,541.14,550.28
32.2802,511,551.71,537.75,2.38,11.57,540.13,549.32
32.3303,538,550.62,536.92,2.23,11.46,539.15,548.38
32.3805,512,549.55,536.09,2.1,11.36,538.19,547.45
32.4306,459,548.5,535.25,1.99,11.26,537.24,546.51
32.4807,486,547.47,534.42,1.89,11.17,536.31,545.59
32.5309,513,546.47,533.59,1.8,11.08,535.39,544.67
32.581,541,545.48,532.76,1.72,11,534.48,543.76
32.6312,510,544.53,531.93,1.66,10.94,533.59,542.87
32.6813,512,543.65,531.1,1.61,10.95,532.71,542.05
32.7314,545,542.93,530.27,1.57,11.09,531.84,541.36
32.7816,487,542.5,529.44,1.54,11.52,530.98,540.96
32.8317,492,542.72,528.61,1.52,12.59,530.13,541.2
32.8818,509,543.89,527.78,1.52,14.59,529.3,542.37
32.932,532,544.36,526.95,1.54,15.87,528.49,542.82
32.9821,497,542.43,526.13,1.58,14.73,527.71,540.86
33.0322,510,540.17,525.3,1.64,13.23,526.94,538.53
33.0824,501,538.48,524.48,1.75,12.26,526.23,536.74
33.1325,512,537.24,523.65,1.91,11.68,525.56,535.33
33.1827,476,536.3,522.83,2.15,11.32,524.98,534.15
33.2328,511,535.61,522,2.53,11.08,524.53,533.08
33.2829,581,535.23,521.18,3.13,10.91,524.31,532.09
33.3331,530,535.29,520.36,4.14,10.79,524.5,531.15
33.3832,497,536.13,519.54,5.88,10.71,525.42,530.25
33.4333,560,538.47,518.72,9.09,10.65,527.81,529.37
33.4835,552,543.93,517.91,15.41,10.61,533.32,528.52
33.5336,543,551.8,517.09,24.12,10.59,541.21,527.68
33.5838,480,551.95,516.27,25.09,10.58,541.36,526.85
33.6339,498,546.54,515.46,20.49,10.59,535.95,526.05
33.684,511,538.79,514.65,13.53,10.61,528.18,525.26
33.7342,487,532.42,513.84,7.94,10.64,521.78,524.48
33.7843,459,528.73,513.03,5.02,10.68,518.05,523.71
33.8344,505,526.46,512.22,3.5,10.74,515.72,522.96
33.8846,473,524.85,511.41,2.64,10.8,514.05,522.21
33.9347,458,523.59,510.6,2.11,10.88,512.71,521.48
33.9849,455,522.53,509.8,1.76,10.97,511.56,520.77
34.035,502,521.58,509,1.52,11.07,510.52,520.07
34.0851,473,520.72,508.19,1.35,11.18,509.54,519.37
34.1353,528,519.92,507.39,1.22,11.3,508.61,518.69
34.1854,458,519.17,506.6,1.13,11.44,507.73,518.04
34.2355,502,518.45,505.8,1.06,11.6,506.86,517.4
34.2857,477,517.78,505,1.01,11.77,506.01,516.77
34.3358,484,517.14,504.21,0.97,11.96,505.18,516.17
34.386,474,516.53,503.42,0.95,12.16,504.37,515.58
34.4361,474,515.95,502.63,0.93,12.39,503.56,515.02
34.4862,457,515.4,501.84,0.93,12.64,502.77,514.48
34.5364,468,514.9,501.05,0.94,12.91,501.99,513.96
34.5865,502,514.43,500.27,0.96,13.2,501.23,513.47
34.6366,484,514,499.48,0.99,13.53,500.47,513.01
34.6868,506,513.63,498.7,1.04,13.88,499.74,512.58
34.7369,521,513.31,497.92,1.11,14.27,499.03,512.19
34.787,473,513.05,497.14,1.21,14.7,498.35,511.84
34.8372,525,512.88,496.37,1.34,15.17,497.71,511.54
34.8873,490,512.81,495.6,1.53,15.68,497.13,511.28
34.9375,509,512.87,494.82,1.8,16.25,496.62,511.07
34.9876,493,513.12,494.05,2.19,16.87,496.24,510.92
35.0377,501,513.64,493.29,2.79,17.56,496.08,510.85
35.0879,525,514.61,492.52,3.76,18.33,496.28,510.85
35.138,487,516.32,491.76,5.38,19.18,497.14,510.94
35.1881,492,519.36,490.99,8.24,20.13,499.23,511.12
35.2383,503,525.19,490.23,13.75,21.2,503.98,511.43
35.2884,536,535.21,489.48,23.29,22.44,512.77,511.92
35.3386,568,541.05,488.72,28.42,23.91,517.14,512.63
35.3887,509,538.24,487.97,24.53,25.75,512.5,513.72
35.4388,575,533.75,487.22,18.2,28.33,505.42,515.55
35.489,522,529.98,486.47,10.86,32.65,497.33,519.12
35.5391,515,530.04,485.72,6.49,37.83,492.21,523.55
35.5892,518,527.79,484.98,4.26,38.56,489.24,523.54
35.6394,499,526.66,484.23,3.04,39.39,487.27,523.62
35.6895,518,527.76,483.49,2.32,41.94,485.81,525.43
35.7397,527,530.33,482.76,1.86,45.71,484.62,528.47
35.7898,494,534.13,482.02,1.56,50.56,483.58,532.58
35.8399,496,539.23,481.29,1.34,56.6,482.63,537.89
35.8901,567,545.88,480.56,1.18,64.14,481.74,544.7
35.9402,545,554.51,479.83,1.07,73.61,480.9,553.44
35.9903,536,565.79,479.1,0.98,85.7,480.08,564.8
36.0405,554,580.73,478.38,0.92,101.43,479.3,579.81
36.0906,592,600.93,477.66,0.87,122.39,478.53,600.05
36.1408,607,628.94,476.94,0.84,151.16,477.78,628.1
36.1909,597,669.03,476.22,0.82,191.99,477.04,668.21
36.241,681,728.23,475.51,0.81,251.92,476.32,727.43
36.2912,678,817.73,474.8,0.8,342.13,475.6,816.93
36.3413,863,958.11,474.09,0.81,483.22,474.9,957.31
36.3914,1050,1186.84,473.38,0.82,712.63,474.2,1186.01
36.4416,1503,1580.88,472.68,0.85,1107.35,473.53,1580.03
36.4917,2175,2193.21,471.98,0.88,1720.35,472.86,2192.33
36.5418,2781,2688.25,471.28,0.92,2216.05,472.2,2687.33
36.592,2694,2600.44,470.58,0.98,2128.88,471.56,2599.46
36.6421,2297,2207.66,469.89,1.05,1736.72,470.94,2206.61
36.6923,1874,1669.87,469.2,1.15,1199.52,470.35,1668.72
36.7424,1287,1230.14,468.51,1.27,760.37,469.78,1228.88
36.7925,994,965.39,467.82,1.43,496.14,469.25,963.96
36.8427,842,812.16,467.14,1.65,343.37,468.79,810.51
36.8928,693,719.2,466.46,1.95,250.79,468.41,717.25
36.9429,676,659.52,465.78,2.39,191.35,468.17,657.13
36.9931,620,619.36,465.1,3.06,151.2,468.16,616.3
37.0432,526,591.24,464.43,3.91,122.9,468.34,587.33
37.0934,524,571.04,463.76,5.03,102.26,468.79,566.02
37.1435,596,556.76,463.09,6.9,86.77,469.99,549.86
37.1936,507,547.42,462.43,10.12,74.87,472.55,537.3
37.2438,487,543.28,461.76,15.95,65.56,477.71,527.32
37.2939,537,546.75,461.1,27.5,58.15,488.6,519.25
37.344,535,556.68,460.45,44.06,52.17,504.51,512.62
37.3942,500,553.87,459.79,46.78,47.29,506.57,507.08
37.4443,521,541.6,459.14,39.18,43.28,498.32,502.42
37.4945,560,526.52,458.49,28.07,39.96,486.56,498.45
37.5446,468,511.48,457.84,16.45,37.19,474.29,495.03
37.5947,502,501.95,457.2,9.87,34.88,467.07,492.08
37.6449,555,495.96,456.56,6.46,32.94,463.02,489.5
37.695,523,491.81,455.92,4.56,31.33,460.48,487.25
37.7451,452,488.68,455.28,3.42,29.98,458.7,485.26
37.7953,441,486.2,454.65,2.67,28.88,457.32,483.53
37.8454,469,484.17,454.02,2.16,27.99,456.18,482.01
37.8956,456,482.49,453.39,1.8,27.3,455.19,480.69
37.9457,462,481.11,452.77,1.53,26.81,454.3,479.58
37.9958,459,480.02,452.14,1.33,26.54,453.47,478.68
38.046,481,479.27,451.53,1.17,26.58,452.7,478.11
38.0961,474,479.13,450.91,1.05,27.17,451.96,478.08
38.1462,496,480.26,450.29,0.95,29.02,451.24,479.31
38.1964,451,481.79,449.68,0.87,31.24,450.55,480.92
38.2465,499,480.03,449.07,0.8,30.16,449.87,479.23
38.2966,480,478.32,448.47,0.75,29.1,449.22,477.57
38.3468,497,477.64,447.86,0.7,29.08,448.56,476.94
38.3969,482,477.56,447.26,0.66,29.64,447.92,476.9
38.4471,477,477.88,446.67,0.63,30.59,447.3,477.26
38.4972,456,478.55,446.07,0.6,31.87,446.67,477.94
38.5473,485,479.57,445.48,0.58,33.51,446.06,478.99
38.5975,491,480.99,444.89,0.56,35.54,445.45,480.43
38.6476,471,482.87,444.3,0.55,38.02,444.85,482.32
38.6977,456,485.32,443.72,0.53,41.07,444.25,484.79
38.7479,482,488.47,443.14,0.52,44.81,443.66,487.95
38.798,511,492.5,442.56,0.51,49.43,443.07,491.99
38.8482,532,497.72,441.98,0.51,55.23,442.49,497.21
38.8983,460,504.53,441.41,0.5,62.61,441.91,504.02
38.9484,513,513.51,440.84,0.5,72.17,441.34,513.01
38.9986,562,525.59,440.27,0.5,84.82,440.77,525.09
39.0487,558,542.29,439.71,0.5,102.08,440.21,541.79
39.0988,559,566.12,439.14,0.51,126.48,439.65,565.62
39.149,570,601.59,438.58,0.51,162.5,439.09,601.08
39.1991,685,656.91,438.03,0.52,218.37,438.55,656.4
39.2493,773,746.6,437.47,0.53,308.59,438,746.06
39.2994,866,895.26,436.92,0.55,457.79,437.47,894.71
39.3495,1216,1168.85,436.37,0.57,731.9,436.94,1168.27
39.3997,1942,1771.73,435.83,0.6,1335.3,436.43,1771.13
39.4498,2984,2802.95,435.28,0.61,2367.06,435.89,2802.34
39.4999,3418,2929.55,434.74,0.61,2494.2,435.35,2928.94
39.5501,2861,2483.61,434.2,0.62,2048.79,434.82,2482.99
39.6002,2287,1968.63,433.67,0.64,1534.32,434.31,1967.99
39.6503,1460,1291.57,433.13,0.66,857.77,433.79,1290.9
39.7005,1028,932.61,432.6,0.69,499.32,433.29,931.92
39.7506,804,765.39,432.08,0.72,332.59,432.8,764.67
39.8008,688,681.35,431.55,0.76,249.04,432.31,680.59
39.8509,668,637.7,431.03,0.8,205.87,431.83,636.9
39.901,595,617.56,430.51,0.85,186.21,431.36,616.72
39.9512,598,614.66,429.99,0.9,183.77,430.89,613.76
40.0013,643,628.27,429.48,0.96,197.83,430.44,627.31
40.0514,652,661.75,428.97,1.03,231.75,430,660.72
40.1016,685,724.25,428.46,1.11,294.68,429.57,723.14
40.1517,782,835.14,427.95,1.21,405.98,429.16,833.93
40.2019,1036,1031.51,427.45,1.32,602.75,428.77,1030.2
40.252,1271,1310.5,426.95,1.46,882.09,428.41,1309.04
40.3021,1512,1461.54,426.45,1.63,1033.46,428.08,1459.91
40.3523,1362,1372.92,425.95,1.86,945.11,427.81,1371.06
40.4024,1206,1202.97,425.46,2.14,775.38,427.6,1200.84
40.4525,949,973.16,424.97,2.39,545.8,427.36,970.77
40.5027,818,783.47,424.48,2.67,356.32,427.15,780.8
40.5528,626,667.59,423.99,3.06,240.54,427.05,664.53
40.603,582,599.56,423.51,3.58,172.46,427.09,595.97
40.6531,569,557.86,423.03,4.29,130.55,427.32,553.58
40.7032,583,531.03,422.55,5.24,103.25,427.79,525.8
40.7534,551,513.19,422.07,6.57,84.55,428.64,506.62
40.8035,480,501.33,421.6,8.52,71.22,430.12,492.82
40.8536,494,493.99,421.13,11.46,61.41,432.59,482.54
40.9038,528,490.73,420.66,16.06,54.02,436.72,474.68
40.9539,455,491.99,420.2,23.44,48.36,443.64,468.56
41.0041,517,500.06,419.73,36.3,44.03,456.03,463.76
41.0542,519,521.73,419.27,61.61,40.84,480.88,460.11
41.1043,551,561.13,418.81,103.35,38.96,522.16,457.77
41.1545,584,578.23,418.36,121.4,38.48,539.76,456.84
41.2046,576,558.16,417.9,103.6,36.66,521.5,454.56
41.2547,545,535.37,417.45,83.98,33.94,501.43,451.39
41.3049,514,502.61,417,53.37,32.23,470.37,449.23
41.355,515,479.08,416.56,31.27,31.26,447.83,447.82
41.4052,481,466.46,416.11,19.59,30.75,435.7,446.86
41.4553,469,459.6,415.67,13.3,30.63,428.97,446.3
41.5054,503,455.71,415.23,9.62,30.86,424.85,446.09
41.5556,445,453.53,414.79,7.29,31.44,422.08,446.23
41.6057,453,452.5,414.36,5.73,32.41,420.09,446.77
41.6558,492,452.39,413.93,4.63,33.82,418.56,447.75
41.706,446,453.09,413.5,3.84,35.76,417.34,449.26
41.7561,485,454.64,413.07,3.24,38.33,416.31,451.4
41.8062,471,457.14,412.64,2.77,41.73,415.41,454.37
41.8564,504,460.83,412.22,2.41,46.2,414.63,458.42
41.9065,491,466.05,411.8,2.12,52.13,413.92,463.93
41.9567,486,473.39,411.38,1.89,60.12,413.27,471.5
42.0068,546,483.78,410.96,1.69,71.12,412.65,482.08
42.0569,538,498.81,410.55,1.53,86.72,412.08,497.27
42.1071,561,521.23,410.14,1.4,109.69,411.54,519.83
42.1572,589,555.93,409.73,1.29,144.91,411.02,554.64
42.2073,720,611.21,409.32,1.19,200.7,410.51,610.02
42.2575,829,700.04,408.92,1.11,290.01,410.03,698.93
42.3076,1017,854.71,408.51,1.04,445.15,409.55,853.66
42.3578,1380,1184.28,408.11,0.98,775.18,409.09,1183.29
42.4079,1943,1860.09,407.71,0.93,1451.44,408.64,1859.15
42.458,2211,2290.04,407.32,0.89,1881.83,408.21,2289.15
42.5082,2011,1936.73,406.92,0.86,1528.95,407.78,1935.87
42.5583,1757,1715.4,406.53,0.83,1308.04,407.36,1714.57
42.6084,1278,1240.24,406.14,0.8,833.3,406.94,1239.44
42.6586,960,863.05,405.75,0.78,456.51,406.53,862.26
42.7087,781,679.8,405.36,0.77,273.66,406.13,679.02
42.7589,665,587.72,404.98,0.76,181.98,405.74,586.96
42.809,572,535.96,404.6,0.75,130.61,405.35,535.21
42.8591,506,504.02,404.22,0.75,99.05,404.97,503.27
42.9093,495,482.88,403.84,0.76,78.28,404.6,482.12
42.9594,486,468.1,403.46,0.77,63.87,404.23,467.33
43.0095,490,457.33,403.09,0.79,53.45,403.88,456.54
43.0597,424,449.21,402.72,0.82,45.67,403.54,448.39
43.1098,432,442.91,402.35,0.85,39.71,403.2,442.06
43.16,442,437.92,401.98,0.9,35.04,402.88,437.02
43.2101,434,433.89,401.61,0.96,31.32,402.57,432.93
43.2602,459,430.59,401.25,1.04,28.3,402.29,429.55
43.3104,452,427.86,400.89,1.15,25.82,402.04,426.71
43.3605,403,425.59,400.53,1.3,23.76,401.83,424.29
43.4106,436,423.72,400.17,1.51,22.04,401.68,422.21
43.4608,460,422.22,399.81,1.82,20.59,401.63,420.4
43.5109,418,421.08,399.46,2.27,19.35,401.73,418.81
43.561,436,420.37,399.11,2.97,18.3,402.08,417.41
43.6112,464,420.2,398.75,4.06,17.39,402.81,416.14
43.6613,436,420.94,398.4,5.92,16.62,404.32,415.02
43.7115,411,423.57,398.06,9.56,15.95,407.62,414.01
43.7616,459,428.91,397.71,15.82,15.38,413.53,413.09
43.8117,414,431.64,397.37,19.39,14.89,416.76,412.26
43.8619,458,428.27,397.03,16.77,14.47,413.8,411.5
43.912,417,425.18,396.69,14.37,14.12,411.06,410.81
43.9621,374,420.36,396.35,10.18,13.83,406.53,410.18
44.0123,427,415.98,396.01,6.37,13.59,402.38,409.6
44.0624,388,413.38,395.68,4.3,13.41,399.98,409.09
44.1126,399,411.85,395.34,3.24,13.27,398.58,408.61
44.1627,429,410.87,395.01,2.68,13.18,397.69,408.19
44.2128,389,410.22,394.68,2.41,13.13,397.09,407.81
44.263,380,409.79,394.35,2.3,13.13,396.65,407.48
44.3131,433,409.49,394.03,2.28,13.18,396.31,407.21
44.3632,405,409.33,393.7,2.35,13.27,396.05,406.97
44.4134,416,409.33,393.38,2.53,13.42,395.91,406.8
44.4635,419,409.51,393.06,2.84,13.62,395.9,406.68
44.5137,431,409.91,392.74,3.3,13.87,396.04,406.61
44.5638,389,410.6,392.42,3.99,14.19,396.41,406.61
44.6139,424,411.72,392.1,5.03,14.59,397.13,406.69
44.6641,448,413.51,391.78,6.63,15.1,398.41,406.88
44.7142,426,416.33,391.47,9.1,15.76,400.57,407.23
44.7643,430,420.81,391.16,13.04,16.61,404.2,407.77
44.8145,447,428.79,390.85,20.18,17.76,411.03,408.61
44.8646,435,444.23,390.54,34.29,19.41,424.83,409.95
44.9147,443,466.71,390.23,54.5,21.98,444.73,412.21
44.9649,481,474,389.92,57.9,26.18,447.82,416.1
45.015,500,469.94,389.62,48.79,31.53,438.41,421.15
45.0652,465,464.37,389.31,41.03,34.02,430.34,423.33
45.1153,478,450.16,389.01,27.36,33.79,416.37,422.8
45.1654,418,440.32,388.71,17.09,34.52,405.8,423.23
45.2156,462,436.82,388.41,11.35,37.06,399.76,425.47
45.2657,476,437.52,388.11,8.02,41.38,396.13,429.49
45.3158,433,441.62,387.82,6.02,47.78,393.84,435.6
45.366,490,449.07,387.52,4.6,56.95,392.12,444.47
45.4161,494,461.03,387.23,3.59,70.21,390.82,457.44
45.4663,508,479.83,386.93,2.84,90.05,389.77,476.98
45.5164,533,509.26,386.64,2.31,120.31,388.95,506.95
45.5665,607,555.36,386.35,1.93,167.08,388.28,553.43
45.6167,695,628.68,386.06,1.66,240.96,387.72,627.02
45.6668,861,766.02,385.78,1.45,378.79,387.23,764.57
45.7169,1024,1069.9,385.49,1.3,683.11,386.79,1068.6
45.7671,1350,1596.49,385.21,1.2,1210.08,386.41,1595.29
45.8172,1542,1682.59,384.92,1.17,1296.49,386.09,1681.41
45.8674,1358,1417.11,384.64,1.17,1031.3,385.81,1415.94
45.9175,1189,1290.27,384.36,1.05,904.86,385.41,1289.22
45.9676,902,955.41,384.08,0.9,570.43,384.98,954.51
46.0178,723,701.61,383.8,0.81,317,384.61,700.8
46.0679,603,577.95,383.52,0.74,193.69,384.26,577.21
46.118,543,514.76,383.25,0.68,130.83,383.93,514.08
46.1682,470,478.78,382.97,0.63,95.17,383.6,478.14
46.2183,461,456.37,382.7,0.59,73.08,383.29,455.78
46.2685,431,441.45,382.42,0.56,58.46,382.98,440.88
46.3186,418,430.97,382.15,0.53,48.29,382.68,430.44
46.3687,428,423.31,381.88,0.51,40.92,382.39,422.8
46.4189,457,417.52,381.61,0.49,35.43,382.1,417.04
46.469,432,413.03,381.34,0.47,31.22,381.81,412.56
46.5191,401,409.47,381.07,0.45,27.94,381.52,409.01
46.5693,400,406.58,380.81,0.44,25.34,381.25,406.15
46.6194,365,404.21,380.54,0.43,23.24,380.97,403.78
46.6696,412,402.23,380.28,0.42,21.54,380.7,401.82
46.7197,388,400.56,380.01,0.41,20.14,380.42,400.15
46.7698,413,399.14,379.75,0.4,18.99,380.15,398.74
46.82,380,397.92,379.49,0.39,18.04,379.88,397.53
46.8701,363,396.86,379.23,0.38,17.25,379.61,396.48
46.9202,383,395.94,378.97,0.38,16.59,379.35,395.56
46.9704,391,395.13,378.71,0.38,16.04,379.09,394.75
47.0205,396,394.42,378.45,0.37,15.59,378.82,394.04
47.0706,417,393.79,378.19,0.37,15.23,378.56,393.42
47.1208,408,393.23,377.94,0.37,14.93,378.31,392.87
47.1709,389,392.75,377.68,0.36,14.7,378.04,392.38
47.2211,384,392.32,377.43,0.36,14.52,377.79,391.95
47.2712,374,391.94,377.18,0.36,14.4,377.54,391.58
47.3213,354,391.61,376.92,0.36,14.32,377.28,391.24
47.3715,330,391.32,376.67,0.37,14.29,377.04,390.96
47.4216,379,391.08,376.42,0.37,14.29,376.79,390.71
47.4717,384,390.88,376.17,0.37,14.34,376.54,390.51
47.5219,420,390.72,375.92,0.37,14.42,376.29,390.34
47.572,378,390.59,375.67,0.38,14.54,376.05,390.21
47.6222,423,390.5,375.43,0.38,14.7,375.81,390.13
47.6723,352,390.45,375.18,0.39,14.89,375.57,390.07
47.7224,392,390.44,374.93,0.4,15.11,375.33,390.04
47.7726,392,390.46,374.69,0.4,15.37,375.09,390.06
47.8227,376,390.53,374.44,0.41,15.67,374.85,390.11
47.8728,393,390.63,374.2,0.42,16.01,374.62,390.21
47.923,369,390.77,373.95,0.43,16.39,374.38,390.34
47.9731,347,390.96,373.71,0.45,16.81,374.16,390.52
48.0233,377,391.2,373.47,0.46,17.27,373.93,390.74
48.0734,338,391.49,373.23,0.47,17.78,373.7,391.01
48.1235,392,391.83,372.99,0.49,18.35,373.48,391.34
48.1737,404,392.22,372.75,0.51,18.97,373.26,391.72
48.2238,366,392.69,372.51,0.53,19.64,373.04,392.15
48.2739,432,393.22,372.27,0.56,20.39,372.83,392.66
48.3241,404,393.82,372.03,0.58,21.2,372.61,393.23
48.3742,398,394.51,371.8,0.62,22.09,372.42,393.89
48.4244,418,395.29,371.56,0.65,23.08,372.21,394.64
48.4745,378,396.17,371.32,0.69,24.15,372.01,395.47
48.5246,424,397.17,371.09,0.74,25.34,371.83,396.43
48.5748,408,398.3,370.85,0.8,26.65,371.65,397.5
48.6249,391,399.59,370.62,0.87,28.1,371.49,398.72
48.675,419,401.04,370.38,0.95,29.7,371.33,400.08
48.7252,405,402.69,370.15,1.06,31.48,371.21,401.63
48.7753,419,404.57,369.92,1.19,33.46,371.11,403.38
48.8254,408,406.73,369.69,1.37,35.68,371.06,405.37
48.8756,441,409.23,369.45,1.6,38.17,371.05,407.62
48.9257,435,412.15,369.22,1.92,41,371.14,410.22
48.9759,413,415.6,368.99,2.39,44.22,371.38,413.21
49.026,438,419.76,368.76,3.07,47.93,371.83,416.69
49.0761,402,424.92,368.53,4.07,52.31,372.6,420.84
49.1263,411,431.75,368.3,5.72,57.72,374.02,426.02
49.1764,433,441.75,368.08,8.86,64.82,376.94,432.9
49.2265,463,455.01,367.85,14.67,72.5,382.52,440.35
49.2767,449,466.44,367.62,20.29,78.53,387.91,446.15
49.3268,434,472.04,367.39,18.62,86.03,386.01,453.42
49.377,489,479.14,367.16,16.02,95.95,383.18,463.11
49.4271,465,489.11,366.94,13.76,108.42,380.7,475.36
49.4772,522,500.05,366.71,9.39,123.95,376.1,490.66
49.5274,542,516.14,366.49,6.14,143.51,372.63,510
49.5775,516,539.28,366.26,4.43,168.59,370.69,534.85
49.6276,543,570.42,366.04,3.54,200.84,369.58,566.88
49.6778,572,611.15,365.81,3.08,242.27,368.89,608.08
49.7279,699,666.86,365.59,2.85,298.43,368.44,664.02
49.7781,659,744.56,365.36,2.77,376.43,368.13,741.79
49.8282,795,855.61,365.14,2.8,487.67,367.94,852.81
49.8783,968,1015.83,364.91,2.92,647.99,367.83,1012.9
49.9285,1156,1252.4,364.69,3.13,884.59,367.82,1249.28
49.9786,1536,1625.83,364.47,3.44,1257.92,367.91,1622.39
50.0287,2225,2260.22,364.25,3.87,1892.11,368.12,2256.36
50.0789,3307,3267.44,364.02,4.46,2898.95,368.48,3262.97
50.129,4410,4242.97,363.8,5.29,3873.88,369.09,4237.68
50.1792,4400,4263.02,363.58,6.44,3893,370.02,4256.58
50.2293,3804,3787.06,363.36,8.11,3415.59,371.47,3778.95
50.2794,3174,3298.28,363.14,10.54,2924.61,373.68,3287.75
50.3296,2453,2532.9,362.92,14.09,2155.89,377.01,2518.81
50.3797,1764,1812.81,362.7,19.7,1430.41,382.4,1793.11
50.4298,1262,1352.59,362.48,30.02,960.09,392.5,1322.57
50.48,980,1093.25,362.26,49.81,681.19,412.07,1043.45
50.5301,866,955.05,362.04,75.49,517.52,437.53,879.56
50.5802,779,868.36,361.82,76.96,429.58,438.78,791.4
50.6304,727,804.38,361.6,65.01,377.78,426.61,739.38
50.6805,744,728.44,361.38,59.48,307.58,420.86,668.96
50.7307,598,662.24,361.16,45.76,255.32,406.92,616.48
50.7808,598,610.57,360.94,32.58,217.05,393.52,577.99
50.8309,552,560.03,360.73,26.9,172.41,387.63,533.14
50.8811,541,526.62,360.51,26.85,139.27,387.36,499.78
50.9312,515,509.34,360.29,32.07,116.98,392.36,477.27
50.9813,509,506.66,360.07,45.77,100.82,405.84,460.89
51.0315,469,520.85,359.85,72.64,88.36,432.49,448.21
51.0816,497,534.35,359.64,96.33,78.38,455.97,438.02
51.1318,517,515.58,359.42,85.97,70.19,445.39,429.61
51.1819,487,496.78,359.2,74.22,63.36,433.42,422.56
51.232,478,482.27,358.98,65.68,57.6,424.66,416.58
51.2822,453,458.57,358.77,47.13,52.68,405.9,411.45
51.3323,447,438.34,358.55,31.4,48.39,389.95,406.94
51.3824,400,424.38,358.33,21.43,44.62,379.76,402.95
51.4326,419,415.39,358.12,15.95,41.32,374.07,399.44
51.4827,397,408.24,357.9,11.92,38.42,369.82,396.32
51.5329,397,402.28,357.68,8.73,35.86,366.41,393.54
51.583,393,397.7,357.47,6.64,33.59,364.11,391.06
51.6331,383,394.09,357.25,5.28,31.56,362.53,388.81
51.6833,404,391.11,357.04,4.34,29.74,361.38,386.78
51.7334,413,388.58,356.82,3.65,28.11,360.47,384.93
51.7835,373,386.37,356.6,3.13,26.64,359.73,383.24
51.8337,371,384.42,356.39,2.72,25.31,359.11,381.7
51.8838,374,382.68,356.17,2.4,24.11,358.57,380.28
51.9339,386,381.11,355.96,2.14,23.02,358.1,378.98
51.9841,398,379.69,355.74,1.93,22.03,357.67,377.77
52.0342,329,378.41,355.53,1.76,21.12,357.29,376.65
52.0844,377,377.23,355.31,1.62,20.3,356.93,375.61
52.1345,363,376.17,355.1,1.52,19.55,356.62,374.65
52.1846,338,375.2,354.88,1.45,18.87,356.33,373.75
52.2348,327,374.35,354.66,1.44,18.25,356.1,372.91
52.2849,387,373.67,354.45,1.54,17.68,355.99,372.13
52.335,355,373.11,354.23,1.72,17.16,355.95,371.39
52.3852,414,372.4,354.02,1.69,16.69,355.71,370.71
52.4353,387,371.57,353.8,1.49,16.27,355.29,370.07
52.4855,397,370.85,353.59,1.38,15.88,354.97,369.47
52.5356,369,370.12,353.37,1.21,15.54,354.58,368.91
52.5857,370,369.39,353.16,1,15.23,354.16,368.39
52.6359,366,368.76,352.94,0.86,14.96,353.8,367.9
52.686,361,368.22,352.73,0.78,14.71,353.51,367.44
52.7361,359,367.74,352.51,0.72,14.51,353.23,367.02
52.7863,418,367.31,352.3,0.68,14.33,352.98,366.63
52.8364,348,366.89,352.08,0.62,14.19,352.7,366.27
52.8866,394,366.52,351.87,0.58,14.07,352.45,365.94
52.9367,373,366.18,351.65,0.54,13.99,352.19,365.64
52.9868,413,365.88,351.44,0.51,13.93,351.95,365.37
53.037,368,365.62,351.22,0.49,13.91,351.71,365.13
53.0871,408,365.39,351.01,0.46,13.92,351.47,364.93
53.1372,353,365.2,350.79,0.44,13.96,351.23,364.75
53.1874,390,365.05,350.58,0.42,14.05,351,364.63
53.2375,378,364.95,350.36,0.41,14.18,350.77,364.54
53.2877,404,364.9,350.15,0.39,14.36,350.54,364.51
53.3378,407,364.93,349.93,0.38,14.62,350.31,364.55
53.3879,396,365.05,349.72,0.37,14.96,350.09,364.68
53.4381,311,365.3,349.5,0.37,15.43,349.87,364.93
53.4882,370,365.76,349.29,0.37,16.1,349.66,365.39
53.5383,396,366.61,349.07,0.4,17.14,349.47,366.21
53.5885,358,368.1,348.86,0.4,18.84,349.26,367.7
53.6386,361,370.45,348.64,0.37,21.45,349.01,370.09
53.6888,375,372.51,348.43,0.33,23.75,348.76,372.18
53.7389,381,372.26,348.21,0.31,23.74,348.52,371.95
53.789,375,371.18,347.99,0.29,22.89,348.28,370.88
53.8392,400,370.72,347.78,0.28,22.66,348.06,370.44
53.8893,414,370.92,347.56,0.27,23.09,347.83,370.65
53.9394,369,371.64,347.35,0.26,24.02,347.61,371.37
53.9896,349,372.77,347.13,0.26,25.38,347.39,372.51
54.0397,347,374.31,346.92,0.25,27.15,347.17,374.07
54.0898,396,376.31,346.7,0.24,29.37,346.94,376.07
54.14,392,378.85,346.49,0.24,32.13,346.73,378.62
54.1901,413,382.06,346.27,0.23,35.56,346.5,381.83
54.2403,354,386.15,346.05,0.22,39.87,346.27,385.92
54.2904,445,391.41,345.84,0.22,45.35,346.06,391.19
54.3405,387,398.3,345.62,0.21,52.46,345.83,398.08
54.3907,424,407.51,345.41,0.21,61.89,345.62,407.3
54.4408,422,420.15,345.19,0.21,74.75,345.4,419.94
54.4909,473,437.89,344.97,0.2,92.71,345.17,437.68
54.5411,481,463.52,344.76,0.2,118.57,344.96,463.33
54.5912,540,500.3,344.54,0.19,155.56,344.73,500.1
54.6414,610,552.22,344.33,0.19,207.7,344.52,552.03
54.6915,652,632.59,344.11,0.19,288.29,344.3,632.4
54.7416,829,785.29,343.89,0.18,441.21,344.07,785.1
54.7918,1016,1112.3,343.68,0.18,768.44,343.86,1112.12
54.8419,1257,1696.15,343.46,0.18,1352.51,343.64,1695.97
54.892,1391,1901.98,343.24,0.18,1558.56,343.42,1901.8
54.9422,1363,1530.52,343.03,0.17,1187.32,343.2,1530.35
54.9923,1169,1436.79,342.81,0.17,1093.81,342.98,1436.62
55.0425,1009,1315.06,342.6,0.17,972.3,342.77,1314.9
55.0926,947,970.29,342.38,0.17,627.74,342.55,970.12
55.1427,847,758.19,342.16,0.17,415.86,342.33,758.02
55.1929,718,685.84,341.94,0.16,343.73,342.1,685.67
55.243,718,721.82,341.73,0.16,379.93,341.89,721.66
55.2931,806,877.25,341.51,0.16,535.58,341.67,877.09
55.3433,853,975.57,341.29,0.16,634.12,341.45,975.41
55.3934,857,834.53,341.08,0.16,493.29,341.24,834.37
55.4436,768,764.62,340.86,0.16,423.6,341.02,764.46
55.4937,693,731.39,340.64,0.16,390.58,340.8,731.22
55.5438,664,602.23,340.43,0.16,261.64,340.59,602.07
55.594,455,501.39,340.21,0.16,161.02,340.37,501.23
55.6441,500,448.65,339.99,0.16,108.5,340.15,448.49
55.6942,471,419.8,339.78,0.15,79.87,339.93,419.65
55.7444,422,402.29,339.56,0.15,62.58,339.71,402.14
55.7945,407,390.72,339.34,0.15,51.22,339.49,390.56
55.8446,384,382.56,339.12,0.15,43.28,339.27,382.4
55.8948,371,376.51,338.91,0.15,37.46,339.06,376.37
55.9449,407,371.87,338.69,0.15,33.03,338.84,371.72
55.9951,379,368.2,338.47,0.15,29.58,338.62,368.05
56.0452,402,365.23,338.26,0.15,26.83,338.41,365.09
56.0953,353,362.8,338.04,0.15,24.61,338.19,362.65
56.1455,342,360.75,337.82,0.15,22.78,337.97,360.6
56.1956,392,359.03,337.6,0.15,21.27,337.75,358.87
56.2457,398,357.55,337.39,0.15,20.02,337.54,357.41
56.2959,378,356.29,337.17,0.15,18.97,337.32,356.14
56.346,338,355.2,336.95,0.15,18.1,337.1,355.05
56.3962,330,354.27,336.73,0.15,17.38,336.88,354.11
56.4463,374,353.47,336.52,0.16,16.8,336.68,353.32
56.4964,318,352.8,336.3,0.16,16.34,336.46,352.64
56.5466,350,352.25,336.08,0.16,16.01,336.24,352.09
56.5967,351,351.83,335.86,0.17,15.8,336.03,351.66
56.6468,359,351.54,335.65,0.18,15.71,335.83,351.36
56.697,344,351.42,335.43,0.21,15.78,335.64,351.21
56.7471,391,351.47,335.21,0.23,16.03,335.44,351.24
56.7973,375,351.71,335,0.21,16.5,335.21,351.5
56.8474,303,352.27,334.78,0.2,17.29,334.98,352.07
56.8975,329,353.26,334.56,0.19,18.51,334.75,353.07
56.9477,350,354.83,334.34,0.19,20.3,334.53,354.64
56.9978,372,357.28,334.13,0.19,22.97,334.32,357.1
57.0479,387,361.32,333.91,0.19,27.23,334.1,361.14
57.0981,374,368.36,333.69,0.19,34.48,333.88,368.17
57.1482,386,379.99,333.47,0.19,46.32,333.66,379.79
57.1983,377,393.58,333.26,0.19,60.13,333.45,393.39
57.2485,365,397.4,333.04,0.2,64.16,333.24,397.2
57.2986,347,391.04,332.82,0.2,58.01,333.02,390.83
57.3488,356,385.68,332.61,0.21,52.87,332.82,385.48
57.3989,345,379.47,332.39,0.22,46.87,332.61,379.26
57.449,392,369.73,332.17,0.22,37.33,332.39,369.5
57.4992,377,361.26,331.96,0.23,29.07,332.19,361.03
57.5493,354,355.77,331.74,0.24,23.78,331.98,355.52
57.5994,384,352.39,331.52,0.26,20.61,331.78,352.13
57.6496,393,350.26,331.31,0.28,18.67,331.59,349.98
57.6997,319,348.86,331.09,0.3,17.48,331.39,348.57
57.7499,371,347.91,330.87,0.3,16.74,331.17,347.61
57.8,362,347.27,330.66,0.31,16.3,330.97,346.96
57.8501,345,346.84,330.44,0.32,16.08,330.76,346.52
57.9003,322,346.57,330.23,0.33,16.01,330.56,346.24
57.9504,357,346.43,330.01,0.35,16.07,330.36,346.08
58.0005,319,346.4,329.79,0.38,16.23,330.17,346.02
58.0507,356,346.47,329.58,0.4,16.48,329.98,346.06
58.1008,368,346.62,329.36,0.44,16.82,329.8,346.18
58.151,377,346.86,329.15,0.48,17.23,329.63,346.38
58.2011,338,347.2,328.93,0.54,17.73,329.47,346.66
58.2512,374,347.63,328.72,0.61,18.3,329.33,347.02
58.3014,339,348.13,328.5,0.67,18.96,329.17,347.46
58.3515,360,348.74,328.29,0.74,19.71,329.03,348
58.4016,390,349.47,328.07,0.84,20.55,328.91,348.62
58.4518,373,350.35,327.86,0.98,21.51,328.84,349.37
58.5019,345,351.4,327.64,1.18,22.58,328.82,350.22
58.5521,375,352.66,327.43,1.45,23.79,328.88,351.22
58.6022,403,354.19,327.21,1.81,25.16,329.02,352.37
58.6523,346,356.04,327,2.32,26.72,329.32,353.72
58.7025,394,358.42,326.79,3.09,28.54,329.88,355.33
58.7526,360,361.69,326.57,4.44,30.68,331.01,357.25
58.8027,346,366.29,326.36,7,32.93,333.36,359.29
58.8529,348,372.68,326.15,11.26,35.27,337.41,361.42
58.903,393,378.06,325.93,14.08,38.05,340.01,363.98
58.9532,373,379.11,325.72,12.06,41.33,337.78,367.05
59.0033,377,380.99,325.51,10.32,45.17,335.83,370.68
59.0534,401,384.85,325.3,9.87,49.68,335.17,374.98
59.1036,398,387.85,325.08,7.75,55.01,332.83,380.09
59.1537,388,391.47,324.87,5.25,61.36,330.12,386.23
59.2038,395,397.42,324.66,3.76,69,328.42,393.66
59.254,423,405.78,324.45,3.03,78.3,327.48,402.75
59.3041,465,416.74,324.24,2.72,89.78,326.96,414.02
59.3542,434,430.87,324.03,2.68,104.17,326.71,428.2
59.4044,417,449.17,323.81,2.85,122.51,326.66,446.32
59.4545,426,473.06,323.6,3.23,146.22,326.83,469.82
59.5047,516,504.98,323.39,3.87,177.72,327.26,501.11
59.5548,546,548.08,323.18,4.81,220.09,327.99,543.27
59.6049,610,606.84,322.97,6.23,277.64,329.2,600.61
59.6551,726,687.58,322.76,8.67,356.15,331.43,678.91
59.7052,819,801.73,322.55,13.3,465.87,335.85,788.42
59.7553,939,975.27,322.35,21.89,631.03,344.24,953.38
59.8055,1250,1256.39,322.14,32.01,902.24,354.15,1224.38
59.8556,1686,1707.3,321.93,31.45,1353.93,353.38,1675.86
59.9058,2049,2326.51,321.72,25.15,1979.63,346.87,2301.35
59.9559,2374,2729.53,321.51,23.38,2384.64,344.89,2706.15
60.006,2439,2552.41,321.31,20.67,2210.44,341.98,2531.75
60.0562,2092,2261.33,321.1,14.04,1926.2,335.14,2247.3
60.1063,1942,2079.39,320.89,8.83,1749.67,329.72,2070.56
60.1564,1618,1745.47,320.69,5.9,1418.88,326.59,1739.57
60.2066,1317,1317.93,320.48,4.22,993.23,324.7,1313.71
60.2567,1005,995.69,320.27,3.14,672.28,323.41,992.55
60.3069,914,792.78,320.07,2.43,470.28,322.5,790.35
60.357,674,666.34,319.86,1.95,344.53,321.81,664.39
60.4071,642,584.81,319.66,1.61,263.55,321.27,583.21
60.4573,564,530.02,319.45,1.36,209.21,320.81,528.66
60.5074,505,490.68,319.25,1.17,170.26,320.42,489.51
60.5575,504,460.61,319.05,1.02,140.55,320.07,459.6
60.6077,486,437.63,318.84,0.9,117.89,319.74,436.73
60.6578,434,420.11,318.64,0.81,100.66,319.45,419.3
60.708,440,406.77,318.44,0.73,87.6,319.17,406.04
60.7581,390,397.02,318.24,0.67,78.11,318.91,396.35
60.8082,389,390.67,318.04,0.62,72.01,318.66,390.05
60.8584,409,384.56,317.83,0.57,66.15,318.4,383.98
60.9085,355,377.16,317.63,0.54,58.99,318.17,376.62
60.9586,411,371.86,317.43,0.51,53.91,317.94,371.34
61.0088,370,366.35,317.23,0.48,48.64,317.71,365.87
61.0589,365,360.5,317.03,0.46,43.01,317.49,360.04
61.109,375,355.91,316.83,0.44,38.63,317.27,355.46
61.1592,363,352.31,316.64,0.43,35.24,317.07,351.88
61.2093,337,349.31,316.44,0.42,32.45,316.86,348.89
61.2595,367,346.74,316.24,0.41,30.09,316.65,346.33
61.3096,340,344.5,316.04,0.41,28.05,316.45,344.09
61.3597,382,342.53,315.85,0.41,26.27,316.26,342.12
61.4099,364,340.77,315.65,0.41,24.7,316.06,340.35
61.46,333,339.19,315.46,0.42,23.31,315.88,338.77
61.5101,371,337.78,315.26,0.44,22.08,315.7,337.34
61.5603,308,336.5,315.07,0.46,20.97,315.53,336.04
61.6104,339,335.35,314.87,0.49,19.98,315.36,334.85
61.6606,354,334.31,314.68,0.54,19.1,315.22,333.78
61.7107,331,333.39,314.49,0.6,18.3,315.09,332.79
61.7608,316,332.57,314.29,0.69,17.58,314.98,331.87
61.811,355,331.86,314.1,0.82,16.93,314.92,331.03
61.8611,334,331.29,313.91,1.03,16.35,314.94,330.26
61.9112,334,330.96,313.72,1.41,15.83,315.13,329.55
61.9614,344,331.02,313.53,2.13,15.36,315.66,328.89
62.0115,323,331.42,313.34,3.14,14.93,316.48,328.27
62.0617,314,331.13,313.15,3.42,14.56,316.57,327.71
62.1118,385,330,312.96,2.81,14.23,315.77,327.19
62.1619,315,329.23,312.78,2.52,13.94,315.3,326.72
62.2121,351,328.71,312.59,2.44,13.68,315.03,326.27
62.2622,337,327.8,312.4,1.93,13.46,314.33,325.86
62.3123,305,326.87,312.22,1.37,13.28,313.59,325.5
62.3625,335,326.2,312.03,1.04,13.13,313.07,325.16
62.4126,353,325.73,311.85,0.86,13.02,312.71,324.87
62.4627,308,325.37,311.66,0.77,12.94,312.43,324.6
62.5129,301,325.1,311.48,0.72,12.9,312.2,324.38
62.563,344,324.9,311.3,0.71,12.89,312.01,324.19
62.6132,321,324.76,311.11,0.72,12.92,311.83,324.03
62.6633,305,324.67,310.93,0.75,12.99,311.68,323.92
62.7134,305,324.65,310.75,0.79,13.1,311.54,323.85
62.7636,306,324.7,310.57,0.86,13.26,311.43,323.83
62.8137,334,324.82,310.39,0.96,13.47,311.35,323.86
62.8639,361,325.04,310.21,1.09,13.73,311.3,323.94
62.914,325,325.35,310.04,1.25,14.06,311.29,324.1
62.9641,365,325.77,309.86,1.45,14.46,311.31,324.32
63.0143,307,326.35,309.68,1.72,14.95,311.4,324.63
63.0644,343,327.15,309.51,2.1,15.53,311.61,325.04
63.1145,310,328.2,309.33,2.62,16.24,311.95,325.57
63.1647,325,329.58,309.16,3.33,17.09,312.49,326.25
63.2148,331,331.45,308.98,4.34,18.12,313.32,327.1
63.2649,356,334.23,308.81,6.05,19.37,314.86,328.18
63.3151,307,338.75,308.64,9.2,20.9,317.84,329.54
63.3652,330,346.26,308.47,15,22.8,323.47,331.27
63.4154,334,355.86,308.3,22.39,25.17,330.69,333.47
63.4655,345,359.44,308.13,23.13,28.18,331.26,336.31
63.5156,365,358.37,307.96,18.35,32.06,326.31,340.02
63.5658,345,361.39,307.79,16.46,37.15,324.25,344.94
63.6159,371,367.35,307.62,15.83,43.89,323.45,351.51
63.666,358,372.31,307.46,11.97,52.89,319.43,360.35
63.7162,365,379.91,307.29,7.73,64.89,315.02,372.18
63.7663,387,393.45,307.13,5.13,81.19,312.26,388.32
63.8165,395,415.5,306.96,3.68,104.86,310.64,411.82
63.8666,453,452.1,306.8,2.83,142.47,309.63,449.27
63.9167,524,513.98,306.64,2.33,205.02,308.97,511.66
63.9669,576,610.31,306.47,2.02,301.82,308.49,608.29
64.017,744,711.01,306.31,1.84,402.85,308.15,709.16
64.0671,684,727.37,306.15,1.77,419.44,307.92,725.59
64.1173,694,672.39,305.99,1.79,364.61,307.78,670.6
64.1674,635,634.88,305.84,1.89,327.15,307.73,632.99
64.2175,640,607.86,305.68,2.09,300.09,307.77,605.77
64.2677,493,547.71,305.52,2.41,239.78,307.93,545.3
64.3178,438,478.28,305.37,2.95,169.96,308.32,475.33
64.368,382,428.39,305.21,3.96,119.22,309.17,424.43
64.4181,358,398.06,305.06,5.88,87.12,310.94,392.18
64.4682,393,380.8,304.9,9.08,66.82,313.98,371.72
64.5184,355,369.72,304.75,11.46,53.5,316.21,358.25
64.5685,332,359.07,304.6,10.06,44.41,314.66,349.01
64.6186,341,350.77,304.45,8.34,37.98,312.79,342.43
64.6688,332,345.78,304.3,8.18,33.3,312.48,337.6
64.7189,337,341.52,304.15,7.54,29.83,311.69,333.98
64.7691,336,336.92,304.01,5.7,27.21,309.71,331.22
64.8192,317,333.42,303.86,4.33,25.22,308.19,329.08
64.8693,301,331.17,303.72,3.74,23.72,307.46,327.44
64.9195,350,329.84,303.57,3.67,22.6,307.24,326.17
64.9696,323,329.31,303.43,4.09,21.8,307.52,325.23
65.0197,301,329.76,303.29,5.21,21.26,308.5,324.55
65.0699,278,331.69,303.14,7.56,20.98,310.7,324.12
65.12,316,335.49,303,11.54,20.95,314.54,323.95
65.1702,328,338.34,302.86,14.31,21.17,317.17,324.03
65.2203,356,336.72,302.73,12.31,21.69,315.04,324.42
65.2704,334,335.21,302.59,10.04,22.59,312.63,325.18
65.3206,318,336.2,302.45,9.73,24.02,312.18,326.47
65.3707,356,337.34,302.32,8.79,26.23,311.11,328.55
65.4208,372,337.9,302.18,6.25,29.47,308.43,331.65
65.471,376,339.28,302.05,4.2,33.03,306.25,335.08
65.5211,384,341.96,301.92,3.03,37.02,304.95,338.94
65.5713,381,347.86,301.79,2.39,43.69,304.18,345.48
65.6214,450,360.19,301.66,2.04,56.49,303.7,358.15
65.6715,402,385.94,301.53,1.88,82.53,303.41,384.06
65.7217,427,436.14,301.4,1.85,132.9,303.25,434.3
65.7718,433,484.99,301.27,1.92,181.79,303.19,483.06
65.8219,450,459.59,301.15,2.11,156.33,303.26,457.48
65.8721,419,424.66,301.02,2.49,121.15,303.51,422.17
65.9222,403,424.62,300.9,3.24,120.48,304.14,421.38
65.9723,433,424.2,300.78,4.7,118.72,305.48,419.5
66.0225,391,395.15,300.66,7.21,87.28,307.87,387.94
66.0726,387,370.8,300.54,9.32,60.94,309.86,361.48
66.1228,410,355.98,300.42,8.35,47.21,308.77,347.63
66.1729,355,347.33,300.3,6.72,40.31,307.02,340.61
66.223,380,343.35,300.18,6.4,36.77,306.58,336.95
66.2732,339,341.16,300.07,6.06,35.03,306.13,335.1
66.3233,377,338.86,299.95,4.53,34.38,304.48,334.33
66.3734,366,337.38,299.84,3.09,34.45,302.93,334.29
66.4236,374,337.03,299.73,2.24,35.06,301.97,334.79
66.4737,339,337.49,299.61,1.78,36.1,301.39,335.71
66.5239,346,338.55,299.5,1.51,37.53,301.01,337.03
66.574,385,340.09,299.4,1.35,39.34,300.75,338.74
66.6241,359,342.09,299.29,1.26,41.53,300.55,340.82
66.6743,362,344.55,299.18,1.24,44.14,300.42,343.32
66.7244,346,347.52,299.08,1.25,47.19,300.33,346.27
66.7745,397,351.06,298.97,1.31,50.78,300.28,349.75
66.8247,367,355.26,298.87,1.42,54.97,300.29,353.84
66.8748,379,360.24,298.77,1.59,59.89,300.36,358.66
66.925,394,366.19,298.67,1.82,65.7,300.49,364.37
66.9751,421,373.34,298.57,2.16,72.61,300.73,371.18
67.0252,392,381.98,298.47,2.61,80.9,301.08,379.37
67.0754,431,392.54,298.37,3.21,90.95,301.58,389.32
67.1255,372,405.61,298.28,4.03,103.3,302.31,401.58
67.1756,431,422.15,298.18,5.28,118.68,303.46,416.86
67.2258,483,443.66,298.09,7.43,138.14,305.52,436.23
67.2759,516,472.46,298,11.42,163.05,309.42,461.05
67.3261,554,511.59,297.91,18.46,195.22,316.37,493.13
67.3762,559,560.96,297.82,26.32,236.82,324.14,534.64
67.4263,605,614.46,297.73,25.76,290.97,323.49,588.7
67.4765,674,682.18,297.65,20.13,364.41,317.78,662.06
67.5266,824,787.88,297.56,18.06,472.26,315.62,769.82
67.5767,917,958.24,297.48,17.94,642.82,315.42,940.3
67.6269,1218,1229.49,297.39,14.33,917.77,311.72,1215.16
67.677,1508,1620.39,297.31,9.38,1313.7,306.69,1611.01
67.7272,1599,1967.8,297.23,6.08,1664.49,303.31,1961.72
67.7773,1685,1981.1,297.15,4.19,1679.76,301.34,1976.91
67.8274,1655,1817.36,297.08,3.06,1517.23,300.14,1814.31
67.8776,1613,1766.29,297,2.35,1466.94,299.35,1763.94
67.9277,1665,1788.48,296.92,1.87,1489.68,298.79,1786.6
67.9778,1751,1758.8,296.85,1.55,1460.4,298.4,1757.25
68.028,1878,1829.51,296.78,1.31,1531.42,298.09,1828.2
68.0781,2264,2261.33,296.71,1.15,1963.46,297.86,2260.17
68.1282,2589,2979.08,296.64,1.05,2681.39,297.69,2978.03
68.1784,2649,2998.22,296.57,0.97,2700.68,297.54,2997.25
68.2285,2531,2714.38,296.51,0.87,2417.01,297.38,2713.52
68.2787,2381,3018.55,296.44,0.76,2721.35,297.2,3017.79
68.3288,2391,3145,296.37,0.7,2847.92,297.07,3144.29
68.3789,2078,2475.7,296.31,0.64,2178.75,296.95,2475.06
68.4291,1696,1877.39,296.25,0.58,1580.57,296.83,1876.82
68.4792,1402,1664.8,296.19,0.52,1368.09,296.71,1664.28
68.5293,1252,1387.81,296.13,0.47,1091.21,296.6,1387.34
68.5795,984,1014.64,296.07,0.44,718.12,296.51,1014.19
68.6296,865,771.77,296.02,0.41,475.34,296.43,771.36
68.6798,663,634.59,295.96,0.39,338.24,296.35,634.2
68.7299,621,552.21,295.91,0.37,255.93,296.28,551.84
68.78,540,498.65,295.86,0.35,202.44,296.21,498.3
68.8302,513,461.49,295.8,0.34,165.34,296.14,461.14
68.8803,450,434.43,295.76,0.33,138.34,296.09,434.1
68.9304,455,413.96,295.71,0.32,117.92,296.03,413.63
68.9806,397,398.01,295.67,0.31,102.03,295.98,397.7
69.0307,475,385.29,295.62,0.31,89.36,295.93,384.98
69.0809,356,374.95,295.58,0.31,79.07,295.89,374.65
69.131,380,366.4,295.53,0.3,70.57,295.83,366.1
69.1811,407,359.25,295.49,0.31,63.45,295.8,358.94
69.2313,376,353.19,295.45,0.31,57.43,295.76,352.88
69.2814,367,348.01,295.42,0.31,52.28,295.73,347.7
69.3315,338,343.53,295.38,0.32,47.83,295.7,343.21
69.3817,355,339.63,295.34,0.33,43.96,295.67,339.3
69.4318,396,336.23,295.31,0.34,40.57,295.65,335.88
69.4819,323,333.23,295.28,0.36,37.59,295.64,332.87
69.5321,318,330.57,295.25,0.38,34.94,295.63,330.19
69.5822,311,328.22,295.22,0.41,32.59,295.63,327.81
69.6324,368,326.11,295.19,0.44,30.48,295.63,325.67
69.6825,358,324.23,295.16,0.49,28.58,295.65,323.74
69.7326,362,322.56,295.14,0.55,26.87,295.69,322.01
69.7828,356,321.08,295.11,0.64,25.32,295.75,320.43
69.8329,328,319.79,295.09,0.78,23.91,295.87,319
69.8831,351,318.72,295.08,1.01,22.63,296.09,317.71
69.9332,327,317.8,295.06,1.28,21.46,296.34,316.52
69.9833,336,316.82,295.04,1.4,20.39,296.44,315.43
70.0335,311,315.82,295.02,1.4,19.4,296.42,314.42
70.0836,351,315.02,295.01,1.52,18.49,296.53,313.5
70.1337,320,314.41,295,1.76,17.65,296.76,312.65
70.1839,340,313.88,294.98,2.02,16.88,297,311.86
70.234,301,313.45,294.98,2.31,16.16,297.29,311.14
70.2841,322,313.3,294.96,2.83,15.5,297.79,310.46
70.3343,352,313.67,294.96,3.83,14.88,298.79,309.84
70.3844,308,314.97,294.95,5.71,14.31,300.66,309.26
70.4346,315,317.8,294.95,9.08,13.77,304.03,308.72
70.4847,319,321.54,294.95,13.32,13.28,308.27,308.23
70.5348,327,321.71,294.94,13.96,12.81,308.9,307.75
70.585,310,318.32,294.95,10.99,12.38,305.94,307.33
70.6351,300,316.22,294.95,9.3,11.97,304.25,306.92
70.6852,305,315.93,294.94,9.39,11.59,304.33,306.53
70.7354,341,314.69,294.96,8.49,11.24,303.45,306.2
70.7855,305,311.84,294.96,5.97,10.91,300.93,305.87
70.8357,314,309.44,294.97,3.87,10.6,298.84,305.57
70.8858,298,307.91,294.98,2.62,10.31,297.6,305.29
70.9359,307,306.91,294.99,1.88,10.04,296.87,305.03
70.9861,297,306.22,295.01,1.42,9.79,296.43,304.8
71.0362,312,305.69,295.02,1.12,9.55,296.14,304.57
71.0863,306,305.28,295.03,0.92,9.33,295.95,304.36
71.1365,346,304.95,295.05,0.77,9.13,295.82,304.18
71.1866,294,304.67,295.07,0.66,8.94,295.73,304.01
71.2367,282,304.43,295.09,0.57,8.77,295.66,303.86
71.2869,274,304.23,295.11,0.51,8.61,295.62,303.72
71.337,275,304.05,295.13,0.46,8.47,295.59,303.6
71.3872,304,303.91,295.16,0.41,8.33,295.57,303.49
71.4373,319,303.78,295.18,0.38,8.22,295.56,303.4
71.4874,292,303.68,295.21,0.35,8.11,295.56,303.32
71.5376,272,303.59,295.24,0.33,8.02,295.57,303.26
71.5877,269,303.53,295.27,0.31,7.94,295.58,303.21
71.6378,308,303.49,295.31,0.3,7.88,295.61,303.19
71.688,326,303.45,295.33,0.29,7.83,295.62,303.16
71.7381,338,303.45,295.37,0.28,7.79,295.65,303.16
71.7883,326,303.46,295.41,0.27,7.78,295.68,303.19
71.8384,290,303.49,295.45,0.27,7.77,295.72,303.22
71.8885,315,303.56,295.5,0.27,7.79,295.77,303.29
71.9387,284,303.62,295.53,0.27,7.83,295.8,303.36
71.9888,311,303.73,295.57,0.27,7.88,295.84,303.45
72.0389,292,303.86,295.62,0.28,7.96,295.9,303.58
72.0891,299,304.02,295.67,0.29,8.06,295.96,303.73
72.1392,308,304.21,295.71,0.31,8.2,296.02,303.91
72.1894,313,304.45,295.76,0.33,8.36,296.09,304.12
72.2395,312,304.73,295.82,0.35,8.56,296.17,304.38
72.2896,297,305.06,295.87,0.39,8.81,296.26,304.68
72.3398,285,305.46,295.92,0.44,9.1,296.36,305.02
72.3899,291,305.92,295.97,0.5,9.45,296.47,305.42
72.44,271,306.48,296.03,0.58,9.87,296.61,305.9
72.4902,303,307.14,296.08,0.69,10.37,296.77,306.45
72.5403,291,307.95,296.15,0.83,10.97,296.98,307.12
72.5905,331,308.91,296.21,1.01,11.7,297.22,307.91
72.6406,318,310.13,296.27,1.28,12.58,297.55,308.85
72.6907,300,311.74,296.34,1.74,13.65,298.08,309.99
72.7409,357,313.95,296.4,2.57,14.98,298.97,311.38
72.791,320,317.15,296.47,4.03,16.65,300.5,313.12
72.8411,335,321.32,296.54,6.02,18.76,302.56,315.3
72.8913,349,324.78,296.61,6.68,21.49,303.29,318.1
72.9414,344,327.13,296.68,5.39,25.06,302.07,321.74
72.9916,331,330.94,296.76,4.39,29.79,301.15,326.55
73.0417,319,337.18,296.82,4.34,36.02,301.16,332.84
73.0918,355,345.15,296.91,4.26,43.98,301.17,340.89
73.142,346,354.06,296.98,3.27,53.81,300.25,350.79
73.1921,389,365.72,297.06,2.18,66.49,299.24,363.55
73.2422,411,384.29,297.13,1.48,85.68,298.61,382.81
73.2924,423,417.45,297.23,1.07,119.15,298.3,416.38
73.3425,511,480.72,297.32,0.82,182.58,298.14,479.9
73.3926,600,605.07,297.4,0.66,307.02,298.06,604.42
73.4428,696,802.56,297.48,0.56,504.52,298.04,802
73.4929,742,875.9,297.57,0.48,577.84,298.05,875.41
73.5431,705,729.74,297.66,0.43,431.64,298.09,729.3
73.5932,656,628.76,297.75,0.4,330.61,298.15,628.36
73.6433,646,636.56,297.85,0.37,338.34,298.22,636.19
73.6935,562,653.83,297.95,0.36,355.53,298.31,653.48
73.7436,526,563.33,298.04,0.35,264.95,298.39,562.99
73.7937,473,461.86,298.13,0.34,163.39,298.47,461.52
73.8439,450,402.3,298.25,0.35,103.7,298.6,401.95
73.894,421,369.7,298.34,0.36,71,298.7,369.34
73.9442,362,350.71,298.45,0.37,51.89,298.82,350.34
73.9943,375,338.85,298.56,0.4,39.89,298.96,338.45
74.0444,332,330.91,298.66,0.43,31.82,299.09,330.48
74.0946,312,325.36,298.76,0.47,26.13,299.23,324.89
74.1447,327,321.36,298.87,0.53,21.96,299.4,320.83
74.1948,324,318.39,298.97,0.61,18.8,299.58,317.77
74.245,330,316.16,299.09,0.72,16.35,299.81,315.44
74.2951,313,314.47,299.2,0.86,14.41,300.06,313.61
74.3453,310,313.18,299.31,1.03,12.83,300.34,312.14
74.3954,340,312.23,299.44,1.26,11.54,300.7,310.98
74.4455,280,311.59,299.56,1.57,10.47,301.13,310.03
74.4957,292,311.29,299.67,2.06,9.56,301.73,309.23
74.5458,338,311.49,299.79,2.91,8.79,302.7,308.58
74.5959,332,312.47,299.9,4.44,8.13,304.34,308.03
74.6461,348,314.6,300.03,7.02,7.55,307.05,307.58
74.6962,319,316.92,300.15,9.71,7.05,309.86,307.2
74.7464,298,316.35,300.27,9.47,6.61,309.74,306.88
74.7965,265,313.95,300.4,7.33,6.22,307.73,306.62
74.8466,280,312.67,300.53,6.26,5.87,306.79,306.4
74.8968,313,312.65,300.67,6.41,5.56,307.08,306.23
74.9469,347,312.16,300.8,6.07,5.28,306.87,306.08
74.997,293,310.44,300.94,4.46,5.03,305.4,305.97
75.0472,327,308.81,301.06,2.94,4.8,304,305.86
